Date,Day,Unix_Time_Stamp,Transactions,Address,Price,Price_Change,Supply,Hashrate,Block_Difficulty,Block_Size,Market_Cap
7/30/15,Thu,1438214400,8893,9205,0,0,72049306.59,23.7569,0.121,644,0
7/31/15,Fri,1438300800,0,9361,0,0,72085498.31,48.1584,0.603,582,0
8/1/15,Sat,1438387200,0,9476,0,0,72113204.25,55.2709,0.887,575,0
8/2/15,Sun,1438473600,0,9563,0,0,72141427.69,64.1779,1.02,581,0
8/3/15,Mon,1438560000,0,9639,0,0,72169404.41,69.8559,1.126,587,0
8/4/15,Tue,1438646400,0,9696,0,0,72197882.84,76.6115,1.217,587,0
8/5/15,Wed,1438732800,0,9749,0,0,72225411.44,81.9449,1.328,579,0
8/6/15,Thu,1438819200,0,9790,0,0,72252486.91,82.9366,1.381,584,0
8/7/15,Fri,1438905600,2050,10314,3,0,72279924.56,89.6063,1.471,633,216.8397737
8/8/15,Sat,1438992000,2881,10730,1.2,-0.6,72307868,97.6083,1.586,668,86.7694416
8/9/15,Sun,1439078400,1329,11004,1.2,0,72335046.28,102.5407,1.709,618,86.80205554
8/10/15,Mon,1439164800,2037,11679,0,-1,72362863.63,113.1109,1.838,631,0
8/11/15,Tue,1439251200,4963,13576,0.99,0,72390891.44,126.6631,2.036,692,71.66698252
8/12/15,Wed,1439337600,2036,13913,1.29,0.303030303,72418262.38,132.7661,2.207,653,93.41955846
8/13/15,Thu,1439424000,2842,14459,1.88,0.457364341,72446530.5,144.8995,2.337,666,136.1994773
8/14/15,Fri,1439510400,3174,15024,1.79,-0.04787234,72477637.22,183.5527,2.671,660,129.7349706
8/15/15,Sat,1439596800,2284,15407,1.79,0,72506149.88,213.9622,3.378,638,129.7860083
8/17/15,Mon,1439769600,2512,15693,1.3,-0.273743017,72534268.78,245.4865,3.908,635,94.29454942
8/16/15,Sun,1439683200,2440,15984,1.37,0.053846154,72561363.31,220.8548,3.632,641,99.40906774
8/18/15,Tue,1439856000,2494,16268,1.36,-0.00729927,72587526.13,253.7123,4.378,648,98.71903553
8/19/15,Wed,1439942400,3246,16553,1.24,-0.088235294,72614808.16,269.2527,4.42,653,90.04236211
8/20/15,Thu,1440028800,2303,16773,1.52,0.225806452,72635865.19,252.3917,4.469,650,110.4065151
8/21/15,Fri,1440115200,3919,17070,1.44,-0.052631579,72662556.13,263.4014,4.415,668,104.6340808
8/22/15,Sat,1440201600,3579,17313,1.4,-0.027777778,72690106.59,298.2545,4.828,648,101.7661492
8/23/15,Sun,1440288000,4190,17662,1.35,-0.035714286,72716362.22,303.082,5.138,681,98.167089
8/24/15,Mon,1440374400,4432,17839,1.24,-0.081481481,72743695.5,314.6624,5.179,673,90.20218242
8/25/15,Tue,1440460800,4487,18089,1.27,0.024193548,72770431.59,309.2154,5.173,680,92.41844812
8/26/15,Wed,1440547200,4156,18298,1.18,-0.070866142,72796569.56,327.8673,5.587,669,85.89995208
8/27/15,Thu,1440633600,5590,18508,1.14,-0.033898305,72821102.38,327.6196,5.925,708,83.01605671
8/28/15,Fri,1440720000,4758,18687,1.3,0.140350877,72845327.53,340.1254,6.251,691,94.69892579
8/29/15,Sat,1440806400,4139,18815,1.18,-0.092307692,72867852.53,339.3919,6.658,682,85.98406599
8/30/15,Sun,1440892800,4572,19017,1.32,0.118644068,72889306.13,332.4474,6.781,689,96.21388409
8/31/15,Mon,1440979200,5196,19168,1.31,-0.007575758,72910599.56,351.2291,7.214,731,95.51288543
9/1/15,Tue,1441065600,5153,19349,1.36,0.038167939,72930942.53,354.1181,7.641,741,99.18608184
9/2/15,Wed,1441152000,5195,19500,1.14,-0.161764706,72949329.88,349.6263,8.284,766,83.16223606
9/3/15,Thu,1441238400,4777,19646,1.23,0.078947368,72966710.81,331.5756,8.355,755,89.7490543
9/4/15,Fri,1441324800,5642,19791,1.35,0.097560976,72989792.69,340.3879,6.47,762,98.53622013
9/5/15,Sat,1441411200,5519,19955,1.37,0.014814815,73015421.75,361.5994,6.235,753,100.0311278
9/6/15,Sun,1441497600,5521,20081,1.34,-0.02189781,73041590.03,371.3126,6.305,733,97.87573064
9/7/15,Mon,1441584000,5702,20308,1.28,-0.044776119,73067050.5,360.9598,6.339,753,93.52582464
9/8/15,Tue,1441670400,5622,20433,1.26,-0.015625,73092943,352.7229,6.077,759,92.09710818
9/9/15,Wed,1441756800,5604,20609,1.21,-0.03968254,73119370.66,368.0392,6.202,765,88.47443849
9/10/15,Thu,1441843200,5341,20711,1.19,-0.016528926,73145814.88,371.1206,6.29,730,87.0435197
9/11/15,Fri,1441929600,6460,20897,0.92,-0.226890756,73173054.72,397.2576,6.562,736,67.31921034
9/12/15,Sat,1442016000,5596,21043,1.15,0.25,73199455.81,405.6008,6.833,761,84.17937418
9/13/15,Sun,1442102400,6057,21252,0.89,-0.226086957,73225627.22,412.3321,7.022,764,65.17080822
9/14/15,Mon,1442188800,5572,21409,0.96,0.078651685,73251215.34,380.4038,6.626,771,70.32116673
9/15/15,Tue,1442275200,5409,21581,0.95,-0.010416667,73276830.66,366.6357,6.419,755,69.61298912
9/16/15,Wed,1442361600,5872,21719,0.94,-0.010526316,73303148.78,362.0796,6.179,739,68.90495985
9/17/15,Thu,1442448000,5368,21826,0.88,-0.063829787,73328584.41,342.0493,6.04,753,64.52915428
9/18/15,Fri,1442534400,5802,21999,0.85,-0.034090909,73354486.13,326.1315,5.653,785,62.35131321
9/19/15,Sat,1442620800,5205,22106,0.89,0.047058824,73381665.81,332.9998,5.548,735,65.30968257
9/20/15,Sun,1442707200,6402,22230,0.89,0,73409648.47,390.7766,6.202,766,65.33458714
9/21/15,Mon,1442793600,6305,22363,0.94,0.056179775,73436300.34,393.8171,6.541,779,69.03012232
9/22/15,Tue,1442880000,6804,22496,0.81,-0.138297872,73462670.66,395.4227,6.624,807,59.50476323
9/23/15,Wed,1442966400,7404,22648,0.91,0.12345679,73489750.97,422.5629,6.895,784,66.87567338
9/24/15,Thu,1443052800,6224,22783,0.8,-0.120879121,73516136.75,417.591,7.029,782,58.8129094
9/25/15,Fri,1443139200,5851,22902,0.68,-0.15,73543140.19,421.4033,6.977,767,50.00933533
9/26/15,Sat,1443225600,5907,22964,0.77,0.132352941,73569050.5,423.4245,7.227,765,56.64816889
9/27/15,Sun,1443312000,5760,23045,0.7,-0.090909091,73594061.59,412.8378,7.253,725,51.51584312
9/28/15,Mon,1443398400,6123,23160,0.6,-0.142857143,73618775.81,379.0354,6.747,755,44.17126549
9/29/15,Tue,1443484800,5738,23283,0.68,0.133333333,73643144.25,330.5963,6.057,762,50.07733809
9/30/15,Wed,1443571200,5870,23385,0.71,0.044117647,73668238,315.1845,5.625,742,52.30444898
10/1/15,Thu,1443657600,6421,23482,0.65,-0.084507042,73695660.03,347.9262,5.653,741,47.90217902
10/2/15,Fri,1443744000,6063,23563,0.66,0.015384615,73722573.16,364.9391,5.982,773,48.65689828
10/3/15,Sat,1443830400,6112,23689,0.68,0.03030303,73749026.91,378.3587,6.291,769,50.1493383
10/4/15,Sun,1443916800,6624,23777,0.61,-0.102941176,73774507.06,360.3209,6.206,776,45.00244931
10/5/15,Mon,1444003200,6279,23909,0.61,0,73800643.94,373.8427,6.285,771,45.0183928
10/6/15,Tue,1444089600,6458,24005,0.65,0.06557377,73825680.5,361.6866,6.276,781,47.98669233
10/7/15,Wed,1444176000,7121,24102,0.6,-0.076923077,73851814.09,354.5899,5.984,808,44.31108846
10/8/15,Thu,1444262400,6926,24168,0.62,0.033333333,73878596.28,364.4138,5.978,789,45.80472969
10/9/15,Fri,1444348800,6763,24243,0.64,0.032258065,73904043.94,355.5959,6.123,779,47.29858812
10/10/15,Sat,1444435200,6529,24303,0.64,0,73929543.63,351.084,6.032,778,47.31490792
10/11/15,Sun,1444521600,6023,24359,0.6,-0.0625,73956054.41,368.0058,6.139,748,44.37363264
10/12/15,Mon,1444608000,6593,24473,0.63,0.05,73982854.41,378.7687,6.145,787,46.60919828
10/13/15,Tue,1444694400,6818,24675,0.6,-0.047619048,74009522.69,384.9138,6.357,818,44.40571361
10/14/15,Wed,1444780800,6830,24906,0.5,-0.166666667,74035398.31,379.3914,6.482,791,37.01769916
10/15/15,Thu,1444867200,6499,25142,0.56,0.12,74061008.78,361.6693,6.209,824,41.47416492
10/16/15,Fri,1444953600,6795,25248,0.53,-0.053571429,74086450.19,336.9025,5.815,827,39.2658186
10/17/15,Sat,1445040000,6567,25356,0.52,-0.018867925,74112900.81,360.0608,6.004,788,38.53870842
10/18/15,Sun,1445126400,6481,25489,0.51,-0.019230769,74138749.09,349.8902,5.974,812,37.81076204
10/19/15,Mon,1445212800,6604,25729,0.5,-0.019607843,74164715.81,347.3344,5.922,802,37.08235791
10/20/15,Tue,1445299200,5897,25828,0.44,-0.12,74190908.31,343.9115,5.835,770,32.64399966
10/22/15,Thu,1445472000,5979,25982,0.61,0.386363636,74216239.09,326.6268,5.734,782,45.27190585
10/21/15,Wed,1445385600,6182,26244,0.42,-0.31147541,74242285.5,346.8015,5.876,774,31.18175991
10/23/15,Fri,1445558400,6888,26449,0.56,0.333333333,74269844.09,365.8809,5.879,818,41.59111269
10/24/15,Sat,1445644800,6361,26892,0.56,0,74296959.09,387.2388,6.288,771,41.60629709
10/25/15,Sun,1445731200,5830,27220,0.62,0.107142857,74323773.31,399.05,6.589,751,46.08073945
10/26/15,Mon,1445817600,5938,27534,0.71,0.14516129,74349688.63,379.5194,6.541,765,52.78827892
10/27/15,Tue,1445904000,6784,27744,0.83,0.169014085,74377214.88,402.6895,6.542,815,61.73308835
10/28/15,Wed,1445990400,7346,27918,0.99,0.192771084,74403563.31,399.8592,6.846,808,73.65952768
10/29/15,Thu,1446076800,7836,28188,1.12,0.131313131,74431070.34,428.9193,7.04,814,83.36279879
10/30/15,Fri,1446163200,7941,28770,1.14,0.017857143,74458794.25,461.8848,7.429,781,84.88302545
10/31/15,Sat,1446249600,7557,29166,0.87,-0.236842105,74486542.06,474.3059,7.793,812,64.80329159
11/1/15,Sun,1446336000,6915,29676,0.99,0.137931034,74514722.22,475.3902,7.781,783,73.769575
11/2/15,Mon,1446422400,6558,29973,0.99,0,74541856.44,458.2611,7.69,779,73.79643787
11/3/15,Tue,1446508800,7399,30326,1.06,0.070707071,74569462.22,441.5678,7.333,844,79.04362995
11/4/15,Wed,1446595200,7037,30608,0.8,-0.245283019,74597178.63,465.7518,7.743,762,59.6777429
11/5/15,Thu,1446681600,7498,30815,0.88,0.1,74624470.03,455.3749,7.582,813,65.66953363
11/6/15,Fri,1446768000,7882,30968,0.99,0.125,74651892.22,464.8882,7.592,812,73.9053733
11/7/15,Sat,1446854400,10996,31514,0.93,-0.060606061,74678607.53,443.1504,7.55,1005,69.451105
11/8/15,Sun,1446940800,12413,32153,1,0.075268817,74705896.59,459.0328,7.709,1015,74.70589659
11/9/15,Mon,1447027200,7689,32455,1,0,74732956.13,461.3202,7.754,786,74.73295613
11/10/15,Tue,1447113600,8151,32634,0.9,-0.1,74760400.19,463.7579,7.76,834,67.28436017
11/11/15,Wed,1447200000,10217,32804,0.75,-0.166666667,74788226.75,454.769,7.673,1044,56.09117006
11/12/15,Thu,1447286400,9534,32918,0.88,0.173333333,74816251.28,465.8401,7.746,874,65.83830113
11/13/15,Fri,1447372800,7891,33055,0.9,0.022727273,74844436.44,479.0797,7.87,808,67.35999279
11/14/15,Sat,1447459200,7211,33157,0.88,-0.022222222,74872794.09,481.9432,7.913,938,65.8880588
11/15/15,Sun,1447545600,7170,33264,0.92,0.045454545,74900914.25,505.889,8.26,797,68.90884111
11/16/15,Mon,1447632000,7442,33376,0.93,0.010869565,74928309.41,499.1223,8.327,782,69.68332775
11/17/15,Tue,1447718400,7145,33512,1,0.075268817,74956103,500.689,8.153,762,74.956103
11/18/15,Wed,1447804800,7373,33629,1,0,74983355.03,515.9244,8.55,774,74.98335503
11/19/15,Thu,1447891200,8876,33765,0.94,-0.06,75009918.47,527.3325,8.807,882,70.50932336
11/20/15,Fri,1447977600,6348,33883,0.92,-0.021276596,75035048.94,444.6029,7.975,814,69.03224502
11/21/15,Sat,1448064000,6822,33999,0.96,0.043478261,75061831.13,452.9449,7.601,832,72.05935788
11/22/15,Sun,1448150400,7083,34447,0.97,0.010416667,75088819.72,453.2137,7.533,816,72.83615513
11/23/15,Mon,1448236800,8260,34594,0.92,-0.051546392,75116092.06,460.4471,7.566,863,69.1068047
11/24/15,Tue,1448323200,7152,34812,0.91,-0.010869565,75142940.19,451.9348,7.665,828,68.38007557
11/25/15,Wed,1448409600,7098,34913,0.87,-0.043956044,75169412.06,437.6937,7.517,807,65.39738849
11/26/15,Thu,1448496000,7278,35071,0.86,-0.011494253,75195950.5,440.4046,7.498,784,64.66851743
11/27/15,Fri,1448582400,6639,35136,0.88,0.023255814,75223837.38,458.006,7.47,790,66.19697689
11/28/15,Sat,1448668800,6817,35204,0.91,0.034090909,75251045.34,460.0296,7.721,774,68.47845126
11/29/15,Sun,1448755200,6853,35288,0.87,-0.043956044,75278393.16,467.2217,7.721,776,65.49220205
11/30/15,Mon,1448841600,8986,35402,0.88,0.011494253,75305749.41,470.9538,7.781,864,66.26905948
12/1/15,Tue,1448928000,6794,35508,0.87,-0.011363636,75333292.22,470.8828,7.873,847,65.53996423
12/3/15,Thu,1449100800,6971,35610,0.83,-0.045977011,75361355.5,465.4228,7.588,778,62.54992507
12/2/15,Wed,1449014400,6502,35709,0.82,-0.012048193,75387362.53,446.5842,7.818,819,61.81763728
12/4/15,Fri,1449187200,6898,35879,0.84,0.024390244,75414041.91,464.769,7.833,804,63.3477952
12/5/15,Sat,1449273600,6784,36022,0.87,0.035714286,75440623.78,484.0832,8.164,835,65.63334269
12/6/15,Sun,1449360000,9103,36291,0.83,-0.045977011,75466879.56,456.1653,7.852,877,62.63751004
12/7/15,Mon,1449446400,7141,36437,0.79,-0.048192771,75493598.47,451.5806,7.648,775,59.63994279
12/8/15,Tue,1449532800,6697,36557,0.81,0.025316456,75519910.97,440.4392,7.548,771,61.17112788
12/9/15,Wed,1449619200,7001,36673,0.81,0,75548235.03,451.5592,7.35,779,61.19407038
12/10/15,Thu,1449705600,7444,36820,0.84,0.037037037,75575712.38,472.5491,7.773,820,63.4835984
12/11/15,Fri,1449792000,8105,36951,0.9,0.071428571,75602735.19,482.2872,8.06,884,68.04246167
12/12/15,Sat,1449878400,8205,37373,0.96,0.066666667,75629941.75,485.3189,8.045,916,72.60474408
12/13/15,Sun,1449964800,7426,37569,0.92,-0.041666667,75657849.09,527.4325,8.472,845,69.60522117
12/14/15,Mon,1450051200,15550,37729,0.99,0.076086957,75684557.69,507.6232,8.576,1752,74.92771211
12/15/15,Tue,1450137600,21098,37850,1,0.01010101,75711572.22,525.7241,8.769,1834,75.71157222
12/16/15,Wed,1450224000,10304,37990,0.8,-0.2,75738029.56,507.043,8.562,1216,60.59042365
12/17/15,Thu,1450310400,9612,38358,0.94,0.175,75764912.69,525.5147,8.734,1053,71.21901793
12/18/15,Fri,1450396800,9032,38634,0.9,-0.042553191,75791584.25,521.94,8.78,1057,68.21242583
12/19/15,Sat,1450483200,9314,38756,0.89,-0.011111111,75818278.78,521.0237,8.719,1009,67.47826812
12/20/15,Sun,1450569600,9879,38902,1.07,0.202247191,75844714.88,508.7178,8.54,1103,81.15384492
12/21/15,Mon,1450656000,12063,39082,0.91,-0.14953271,75871172.69,503.4873,8.513,1172,69.04276715
12/22/15,Tue,1450742400,21027,39208,0.88,-0.032967033,75898547.06,532.5519,8.74,2045,66.79072142
12/23/15,Wed,1450828800,22740,39317,0.87,-0.011363636,75925946.44,515.6242,8.532,1544,66.0555734
12/24/15,Thu,1450915200,13494,39422,0.87,0,75952633,510.9724,8.569,1292,66.07879071
12/25/15,Fri,1451001600,9521,39537,0.88,0.011494253,75979436.59,513.0784,8.546,1042,66.8619042
12/26/15,Sat,1451088000,10726,39678,0.85,-0.034090909,76005996.75,503.1197,8.456,1074,64.60509724
12/27/15,Sun,1451174400,21867,39822,0.92,0.082352941,76032850.5,513.1455,8.589,1575,69.95022246
12/28/15,Mon,1451260800,12368,40010,0.87,-0.054347826,76059908.47,519.2876,8.532,1239,66.17212037
12/29/15,Tue,1451347200,11358,40182,0.86,-0.011494253,76086569.56,507.0365,8.605,1200,65.43444982
12/30/15,Wed,1451433600,21767,40333,0.89,0.034883721,76113305.81,505.9181,8.478,1564,67.74084217
12/31/15,Thu,1451520000,10301,40566,0.95,0.06741573,76140217.84,511.0014,8.543,1057,72.33320695
1/1/16,Fri,1451606400,8233,40701,0.92,-0.031578947,76166284.41,498.5749,8.547,885,70.07298165
1/2/16,Sat,1451692800,9164,40850,0.95,0.032608696,76193668.31,492.1201,8.147,954,72.3839849
1/3/16,Sun,1451779200,9258,41000,0.96,0.010526316,76221344.09,509.4547,8.312,955,73.17249033
1/4/16,Mon,1451865600,9474,41198,0.95,-0.010416667,76248764.72,508.1827,8.334,981,72.43632648
1/5/16,Tue,1451952000,16430,41381,0.94,-0.010526316,76276603.94,513.2618,8.306,1396,71.7000077
1/6/16,Wed,1452038400,17074,41647,0.95,0.010638298,76304229.41,513.8092,8.423,1553,72.48901794
1/7/16,Thu,1452124800,22075,41869,0.94,-0.010526316,76331251.59,490.9855,8.21,1550,71.7513765
1/8/16,Fri,1452211200,10919,42078,0.99,0.053191489,76359248.31,516.4913,8.302,1080,75.59565583
1/9/16,Sat,1452297600,11793,42411,0.99,0,76386844.09,514.4362,8.433,1209,75.62297565
1/10/16,Sun,1452384000,10320,42678,1,0.01010101,76414132.06,510.7642,8.337,1044,76.41413206
1/11/16,Mon,1452470400,10893,43005,1.08,0.08,76441137.22,541.9062,8.828,1058,82.5564282
1/12/16,Tue,1452556800,10862,43351,1.22,0.12962963,76467038,522.5879,8.89,1094,93.28978636
1/13/16,Wed,1452643200,17665,43579,1.14,-0.06557377,76493573.31,508.8842,8.484,1423,87.20267358
1/14/16,Thu,1452729600,10653,43804,1.16,0.01754386,76520492.53,532.0852,8.735,1062,88.76377134
1/15/16,Fri,1452816000,9875,44209,1.2,0.034482759,76547289.88,550.7681,8.996,1006,91.85674785
1/16/16,Sat,1452902400,10664,44494,1.22,0.016666667,76573813,557.6853,9.202,967,93.42005186
1/17/16,Sun,1452988800,9747,44771,1.31,0.073770492,76600412.84,548.1829,9.068,887,100.3465408
1/18/16,Mon,1453075200,12916,45167,1.47,0.122137405,76627033,575.3153,9.454,1057,112.6417385
1/19/16,Tue,1453161600,13420,45486,1.22,-0.170068027,76653125.81,572.2182,9.539,1107,93.51681349
1/20/16,Wed,1453248000,10610,45937,1.54,0.262295082,76679668.31,572.1047,9.414,959,118.0866892
1/21/16,Thu,1453334400,10734,46362,1.54,0,76705587.53,573.709,9.598,944,118.1266048
1/22/16,Fri,1453420800,13848,46783,1.52,-0.012987013,76731842.53,597.3168,9.897,1027,116.6324006
1/23/16,Sat,1453507200,11025,47374,2.03,0.335526316,76757612.22,596.8191,10.059,906,155.8179528
1/24/16,Sun,1453593600,12798,48105,2.1,0.034482759,76784855.19,628.651,10.133,993,161.2481959
1/25/16,Mon,1453680000,17121,48925,2.5,0.19047619,76810552.22,605.5737,10.33,1335,192.0263805
1/26/16,Tue,1453766400,16511,49844,2.3,-0.08,76837541.44,658.7338,10.611,1228,176.7263453
1/27/16,Wed,1453852800,18747,50637,2.42,0.052173913,76863642.22,647.7358,10.82,1566,186.0100142
1/28/16,Thu,1453939200,16765,51643,2.55,0.053719008,76890206.91,624.3007,10.449,1424,196.0700276
1/29/16,Fri,1454025600,16395,52611,2.41,-0.054901961,76916367.38,639.9955,10.883,1308,185.3684454
1/30/16,Sat,1454112000,14661,53598,2.44,0.012448133,76942560.5,647.0259,10.876,1179,187.7398476
1/31/16,Sun,1454198400,14166,54494,2.2,-0.098360656,76968242.38,615.8746,10.696,1135,169.3301332
2/1/16,Mon,1454284800,14199,55186,2.17,-0.013636364,76994673.63,654.1278,10.917,1081,167.0784418
2/2/16,Tue,1454371200,14291,55768,2.45,0.129032258,77020542.06,630.3772,10.674,1077,188.7003281
2/3/16,Wed,1454457600,14274,56445,2.53,0.032653061,77047840.03,672.6015,10.857,1060,194.9310353
2/4/16,Thu,1454544000,14371,57050,2.57,0.015810277,77074402.38,670.991,11.114,1087,198.0812141
2/5/16,Fri,1454630400,15249,57863,2.56,-0.003891051,77100960.97,670.5626,11.176,1117,197.3784601
2/6/16,Sat,1454716800,31418,58402,2.53,-0.01171875,77127306.75,647.0863,10.867,1678,195.1320861
2/7/16,Sun,1454803200,14264,58925,3,0.185770751,77153991.44,670.8703,11.05,1026,231.4619743
2/8/16,Mon,1454889600,14719,59593,3.16,0.053333333,77180646.44,700.3927,11.54,1034,243.8908427
2/9/16,Tue,1454976000,15517,60346,3.76,0.189873418,77207117.53,674.4033,11.245,1032,290.2987619
2/10/16,Wed,1455062400,17141,61635,4.35,0.156914894,77233278.78,686.6895,11.659,1106,335.9647627
2/11/16,Thu,1455148800,21440,63947,6.38,0.466666667,77259756.59,715.549,11.994,1280,492.9172471
2/13/16,Sat,1455321600,19327,65365,5.22,-0.181818182,77286638.16,728.3101,12.097,1222,403.4362512
2/12/16,Fri,1455235200,18109,66901,5.27,0.009578544,77313140.19,689.224,11.553,1171,407.4402488
2/14/16,Sun,1455408000,16624,68010,5.2,-0.013282732,77339469.25,744.6017,12.497,1140,402.1652401
2/15/16,Mon,1455494400,17159,68996,5.22,0.003846154,77365694.56,760.8675,12.875,1127,403.8489256
2/16/16,Tue,1455580800,17549,69956,4.25,-0.185823755,77392140.34,758.1305,12.696,1128,328.9165965
2/17/16,Wed,1455667200,19990,70919,3.86,-0.091764706,77417812.38,737.5344,12.722,1265,298.8327558
2/18/16,Thu,1455753600,16969,71720,4.36,0.129533679,77444027.22,723.4539,12.182,1109,337.6559587
2/19/16,Fri,1455840000,18412,73097,4.45,0.020642202,77470682.69,758.4649,12.651,1157,344.744538
2/20/16,Sat,1455926400,16714,73761,4.37,-0.017977528,77497243.47,772.541,12.814,1046,338.662954
2/21/16,Sun,1456012800,17119,75500,4.63,0.059496568,77523780.03,776.957,12.959,1051,358.9351015
2/22/16,Mon,1456099200,18190,76417,5.6,0.20950324,77550537.84,818.0979,13.432,1090,434.2830119
2/23/16,Tue,1456185600,18482,77363,5.7,0.017857143,77576707.84,822.7791,13.784,1117,442.1872347
2/24/16,Wed,1456272000,19540,78179,6.23,0.092982456,77603134.72,822.5628,13.623,1109,483.4675293
2/25/16,Thu,1456358400,19503,79187,5.93,-0.048154093,77629958.47,833.5308,13.574,1114,460.3456537
2/26/16,Fri,1456444800,21068,80568,6.03,0.016863406,77656612.53,851.8002,14.049,1289,468.2693736
2/27/16,Sat,1456531200,18981,81372,6.31,0.046434494,77682812.38,871.6768,14.565,1102,490.1785461
2/28/16,Sun,1456617600,19063,82742,6.5,0.030110935,77709234.41,889.7172,14.737,1091,505.1100236
2/29/16,Mon,1456704000,20358,84582,6.35,-0.023076923,77734463.94,868.457,14.937,1175,493.613846
3/1/16,Tue,1456790400,21778,86447,7.59,0.195275591,77760945.03,887.58,14.453,1157,590.2055728
3/2/16,Wed,1456876800,23562,88628,8.7,0.146245059,77787589.25,915.7752,14.99,1199,676.7520265
3/3/16,Thu,1456963200,24837,90921,9.35,0.074712644,77813700.5,945.4459,15.599,1248,727.5580997
3/4/16,Fri,1457049600,24287,93327,9.96,0.065240642,77839585.81,970.9779,16.141,1249,775.2822747
3/5/16,Sat,1457136000,27115,96435,11,0.104417671,77866168,1022.7687,16.473,1314,856.527848
3/6/16,Sun,1457222400,27661,99307,10.98,-0.001818182,77891567.69,1030.5122,17.342,1366,855.2494132
3/7/16,Mon,1457308800,23271,101184,9.5,-0.134790528,77917553.16,1037.0411,17.164,1218,740.216755
3/8/16,Tue,1457395200,24104,103555,9.88,0.04,77943376.28,1054.0514,17.492,1242,770.0805577
3/9/16,Wed,1457481600,24557,105944,11.55,0.16902834,77969119.56,1074.1375,17.867,1279,900.5433309
3/10/16,Thu,1457568000,24814,108347,11.11,-0.038095238,77995747.06,1131.0236,18.006,1222,866.5327499
3/11/16,Fri,1457654400,23124,109835,11.25,0.01260126,78022049.56,1135.2724,18.682,1211,877.7480576
3/12/16,Sat,1457740800,27887,111755,13.25,0.177777778,78048419.72,1189.2959,19.655,1385,1034.141561
3/13/16,Sun,1457827200,28127,113690,15,0.132075472,78075670.19,1270.7701,20.15,1392,1171.135053
3/14/16,Mon,1457913600,28528,115840,12.5,-0.166666667,78102078.16,1231.9938,20.066,1501,976.275977
3/15/16,Tue,1458000000,29273,117680,13.09,0.0472,78133301.75,1259.5857,17.572,1318,1022.76492
3/16/16,Wed,1458086400,27596,119290,12.92,-0.012987013,78164791.91,1285.0031,17.778,1316,1009.889111
3/17/16,Thu,1458172800,33531,120974,11.14,-0.137770898,78196816.44,1325.0584,18.039,1421,871.1125351
3/18/16,Fri,1458259200,31821,122851,10.75,-0.035008977,78228103.63,1327.059,18.3,1403,840.952114
3/19/16,Sat,1458345600,34779,124108,10.55,-0.018604651,78260182.06,1376.7015,18.652,1494,825.6449208
3/20/16,Sun,1458432000,32447,125636,10.06,-0.046445498,78291777.22,1413.2109,19.423,1446,787.6152788
3/21/16,Mon,1458518400,32511,127167,11.97,0.189860835,78323160.19,1392.9337,19.269,1498,937.5282274
3/22/16,Tue,1458604800,32890,128345,10.96,-0.084377611,78354872.06,1431.5834,19.568,1514,858.7693978
3/23/16,Wed,1458691200,31786,129689,12.29,0.121350365,78386166.13,1354.125,18.766,1529,963.3659817
3/24/16,Thu,1458777600,36947,130970,11.13,-0.094385679,78418237.22,1465.4863,19.801,1862,872.7949802
3/25/16,Fri,1458864000,36762,132066,10.69,-0.039532794,78450127.06,1533.2559,20.872,1621,838.6318583
3/26/16,Sat,1458950400,36646,133107,11,0.028999065,78482062.38,1580.9776,21.414,1538,863.3026861
3/27/16,Sun,1459036800,29974,134131,10.5,-0.045454545,78513693.16,1607.1295,21.977,1261,824.3937781
3/28/16,Mon,1459123200,33613,135514,11.58,0.102857143,78544999.72,1572.977,21.768,1568,909.5510967
3/29/16,Tue,1459209600,33915,137297,11.73,0.012953368,78576437.53,1640.0171,22.514,1389,921.7016122
3/30/16,Wed,1459296000,36767,139755,11.88,0.012787724,78608138,1661.3373,22.822,1572,933.8646794
3/31/16,Thu,1459382400,32259,141814,11.41,-0.03956229,78639526.91,1740.8734,23.889,1405,897.277002
4/1/16,Fri,1459468800,33320,142900,11.63,0.019281332,78671411.59,1752.2564,23.749,1493,914.9485168
4/2/16,Sat,1459555200,29358,144015,11.61,-0.00171969,78702492.84,1690.6343,23.52,1235,913.7359419
4/3/16,Sun,1459641600,29588,144966,11.58,-0.002583979,78734222.53,1772.864,24.296,1245,911.7422969
4/4/16,Mon,1459728000,34907,146172,11.1,-0.041450777,78766175.66,1851.6657,25.246,1502,874.3045498
4/5/16,Tue,1459814400,39173,147380,10.39,-0.063963964,78797750.5,1865.48,25.706,1528,818.7086277
4/6/16,Wed,1459900800,32078,148499,10.79,0.038498556,78829013.16,1844.567,25.667,1337,850.565052
4/7/16,Thu,1459987200,31893,149643,10.08,-0.065801668,78860180.5,1769.2094,24.64,1404,794.9106194
4/8/16,Fri,1460073600,34010,150453,9.74,-0.033730159,78892094.88,1920.6299,26.14,1541,768.4090041
4/9/16,Sat,1460160000,31923,151383,9.16,-0.059548255,78923008.47,1931.9635,26.843,1318,722.9347576
4/10/16,Sun,1460246400,32237,152608,8.8,-0.03930131,78954790.19,1988.8526,27.084,1281,694.8021537
4/11/16,Mon,1460332800,30327,153660,8.72,-0.009090909,78985756.75,1941.1691,27.012,1262,688.7557989
4/12/16,Tue,1460419200,34673,154885,7.53,-0.13646789,79017139.56,1905.1962,26.095,1451,594.9990609
4/13/16,Wed,1460505600,36051,156088,8.02,0.065073041,79048625.66,1982.2295,27.243,1477,633.9699778
4/14/16,Thu,1460592000,34781,157073,8.48,0.057356608,79080026.75,2010.6356,27.545,1406,670.5986268
4/15/16,Fri,1460678400,34959,157904,8.22,-0.030660377,79111760.19,2060.9441,28.307,1412,650.2986687
4/16/16,Sat,1460764800,30483,158682,8.48,0.03163017,79143291.44,2114.0102,28.881,1215,671.1351114
4/17/16,Sun,1460851200,40203,159556,9.45,0.114386792,79174794.56,2049.9112,28.221,1917,748.2018086
4/18/16,Mon,1460937600,33513,160474,8.92,-0.056084656,79206654.09,2171.2487,29.524,1351,706.5233545
4/19/16,Tue,1461024000,32622,161308,8.77,-0.016816143,79237980.66,2175.4428,30.029,1317,694.9170904
4/20/16,Wed,1461110400,32944,162317,8.54,-0.02622577,79269812.06,2203.5227,30.156,1359,676.964195
4/21/16,Thu,1461196800,37181,164290,8.15,-0.045667447,79301185.97,2236.3551,30.872,1504,646.3046656
4/22/16,Fri,1461283200,31678,165351,7.83,-0.039263804,79332762.69,2164.6218,29.74,1291,621.1755318
4/23/16,Sat,1461369600,31845,166350,8.31,0.061302682,79364456.28,2253.0424,30.869,1270,659.5186317
4/24/16,Sun,1461456000,34046,167428,8,-0.037304452,79395951.28,2222.16,30.604,1433,635.1676103
4/25/16,Mon,1461542400,35430,168546,7.43,-0.07125,79428088.31,2334.1663,31.524,1399,590.1506962
4/26/16,Tue,1461628800,32582,169724,7.5,0.009421265,79459376.13,2275.5506,31.493,1344,595.9453209
4/27/16,Wed,1461715200,33847,170969,7.77,0.036,79491251.13,2274.0961,31.083,1314,617.6470212
4/28/16,Thu,1461801600,34343,172060,7.3,-0.06048906,79522933.63,2332.609,32.024,1408,580.5174155
4/29/16,Fri,1461888000,37332,173151,7.51,0.028767123,79554617.22,2381.196,32.661,1423,597.4551753
4/30/16,Sat,1461974400,45769,179195,8.83,0.175765646,79586508.94,2464.3749,33.709,1588,702.7488739
5/1/16,Sun,1462060800,39578,181732,8.76,-0.00792752,79617521.75,2483.9739,34.484,1681,697.4494905
5/2/16,Mon,1462147200,41748,185706,10.03,0.144977169,79649433.31,2366.3607,32.281,1480,798.8838161
5/3/16,Tue,1462233600,37821,187283,9.37,-0.065802592,79681224.56,2514.4874,34.162,1446,746.6130742
5/4/16,Wed,1462320000,37484,188964,9.43,0.006403415,79712683.31,2466.9919,34.166,1498,751.6906036
5/5/16,Thu,1462406400,38707,190554,9.79,0.038176034,79744463.31,2469.4398,33.872,1486,780.6982958
5/6/16,Fri,1462492800,41271,191961,9.27,-0.053115424,79776200.97,2487.3635,34.081,1625,739.525383
5/7/16,Sat,1462579200,35864,193317,9.3,0.003236246,79807774.09,2479.4817,34.085,1375,742.2122991
5/8/16,Sun,1462665600,40063,194961,9.44,0.015053763,79839623.31,2524.4188,34.463,1530,753.6860441
5/9/16,Mon,1462752000,38560,196739,9.32,-0.012711864,79871424.72,2527.5545,34.883,1460,744.4016784
5/10/16,Tue,1462838400,40684,198321,9.39,0.00751073,79903125.66,2611.3974,35.703,1481,750.2903499
5/11/16,Wed,1462924800,40811,200962,9.97,0.061767838,79934378.78,2494.9291,34.84,1559,796.9457564
5/12/16,Thu,1463011200,45002,204086,10.1,0.013039117,79966635.81,2570.3669,34.609,1679,807.6630217
5/13/16,Fri,1463097600,47737,206863,10.48,0.037623762,79998832.53,2740.3505,36.815,1674,838.3877649
5/14/16,Sat,1463184000,45745,209138,10.14,-0.032442748,80030500.34,2678.8075,36.846,1683,811.5092735
5/15/16,Sun,1463270400,43073,211568,9.94,-0.019723866,80062308.94,2703.4159,37.115,1540,795.8193508
5/16/16,Mon,1463356800,37424,213318,11.04,0.110663984,80093820.5,2700.3155,37.377,1491,884.2357783
5/17/16,Tue,1463443200,40309,215820,12.26,0.110507246,80126012.69,2695.5977,36.463,1515,982.3449155
5/18/16,Wed,1463529600,46033,220927,13.29,0.084013051,80158417.06,2776.5532,37.901,1689,1065.305363
5/19/16,Thu,1463616000,44523,224845,14.49,0.090293454,80190320.66,2874.0021,39.517,1576,1161.957746
5/20/16,Fri,1463702400,45177,230158,13.73,-0.052449965,80222410.34,2921.191,40.048,1677,1101.453694
5/21/16,Sat,1463788800,43621,234753,13.95,0.016023307,80254249.88,2953.0599,40.655,1673,1119.546786
5/22/16,Sun,1463875200,38895,237169,14.21,0.018637993,80286506.13,2939.4714,40.059,1494,1140.871252
5/23/16,Mon,1463961600,43806,239919,13.45,-0.053483462,80318586.75,2945.5758,40.332,1568,1080.284992
5/24/16,Tue,1464048000,42911,242437,12.62,-0.061710037,80350590.03,2979.1646,41.105,1528,1014.024446
5/25/16,Wed,1464134400,46443,245842,12.53,-0.007131537,80382947.06,2991.9856,41.016,1670,1007.198327
5/26/16,Thu,1464220800,51147,248713,12.37,-0.012769354,80414991.44,3081.46,41.95,1733,994.7334441
5/28/16,Sat,1464393600,70148,261602,11.56,-0.065481002,80447310.03,3125.7879,42.704,2436,929.970904
5/27/16,Fri,1464307200,49006,265876,11.11,-0.038927336,80479631.75,3061.2168,41.742,1727,894.1287087
5/29/16,Sun,1464480000,45890,269270,12.28,0.105310531,80511604.09,3190.3497,43.619,1675,988.6824983
5/30/16,Mon,1464566400,42927,271793,12.48,0.016286645,80543608.16,3155.462,43.392,1543,1005.18423
5/31/16,Tue,1464652800,44386,274614,13.85,0.109775641,80575141.13,3143.7122,43.586,1594,1115.965705
6/1/16,Wed,1464739200,42221,277124,13.83,-0.001444043,80607285.34,3063.31,42,1562,1114.798756
6/2/16,Thu,1464825600,39666,279202,13.78,-0.003615329,80639467.53,3147.8944,42.903,1453,1111.211863
6/3/16,Fri,1464912000,39834,281283,13.78,0,80671739.72,3308.693,44.992,1429,1111.656573
6/4/16,Sat,1464998400,37875,283172,13.66,-0.008708273,80703881.28,3298.56,44.999,1409,1102.415018
6/5/16,Sun,1465084800,37896,285007,13.85,0.013909224,80735464.41,3255.0754,44.881,1396,1118.186182
6/6/16,Mon,1465171200,38957,287195,13.96,0.007942238,80767836.28,3351.4061,45.278,1426,1127.518994
6/7/16,Tue,1465257600,46141,293517,14.41,0.032234957,80799782.22,3360.3335,46.207,1693,1164.324862
6/8/16,Wed,1465344000,40433,295834,14.44,0.002081888,80832085.19,3370.3852,45.851,1437,1167.21531
6/9/16,Thu,1465430400,39854,298208,14.49,0.003462604,80864311.13,3545.2821,48.158,1477,1171.723868
6/10/16,Fri,1465516800,40145,300769,13.97,-0.035886818,80895475.34,3343.8621,46.862,1437,1130.109791
6/11/16,Sat,1465603200,36901,303280,14.01,0.002863278,80927850.81,3473.5992,46.817,1382,1133.79919
6/12/16,Sun,1465689600,42581,306177,15.57,0.111349036,80960067.69,3454.4361,47.368,1463,1260.548254
6/13/16,Mon,1465776000,46185,311130,17.55,0.12716763,80992291.91,3595.9303,49.146,1599,1421.414723
6/14/16,Tue,1465862400,50335,315391,18.7,0.065527066,81024437.38,3640.3548,49.64,1713,1515.156979
6/15/16,Wed,1465948800,43251,318367,18.3,-0.021390374,81056304.41,3635.0092,49.734,1523,1483.330371
6/16/16,Thu,1466035200,43392,323909,20.61,0.126229508,81088182.06,3607.392,49.685,1604,1671.227432
6/17/16,Fri,1466121600,66558,337984,15.49,-0.248423096,81121598.47,3500.2236,48.375,2138,1256.57356
6/18/16,Sat,1466208000,63083,352687,11.36,-0.266623628,81155985.66,3366.6746,45.685,2044,921.9319971
6/19/16,Sun,1466294400,51035,359236,12.33,0.085387324,81189181.13,3728.4821,49.439,1624,1001.062603
6/20/16,Mon,1466380800,47118,364968,11.7,-0.051094891,81220895.97,3698.1504,51.171,1709,950.2844828
6/21/16,Tue,1466467200,47323,369392,12.71,0.086324786,81252884.41,3631.418,49.999,1629,1032.724161
6/22/16,Wed,1466553600,48615,375128,13.21,0.039339103,81285555.03,3789.5576,51.004,1614,1073.782182
6/24/16,Fri,1466726400,45331,378933,14.25,0.078728236,81317726.91,3872.1134,52.792,1638,1158.777608
6/23/16,Thu,1466640000,41908,382466,13.58,-0.047017544,81349575.03,3855.5441,53.457,1513,1104.727229
6/25/16,Sat,1466812800,36684,384815,14.28,0.051546392,81381260.97,3858.2335,53.446,1415,1162.124407
6/26/16,Sun,1466899200,41613,387234,13.82,-0.032212885,81413575.66,3953.8207,53.892,1453,1125.135616
6/27/16,Mon,1466985600,39663,389903,14.04,0.015918958,81445670.5,4028.7283,55.306,1410,1143.497214
6/28/16,Tue,1467072000,43089,393251,12.15,-0.134615385,81477831.91,4098.3325,55.833,1482,989.9556577
6/29/16,Wed,1467158400,49897,396171,12.76,0.050205761,81509701.91,3987.5764,54.938,1792,1040.063796
6/30/16,Thu,1467244800,63952,398289,12.4,-0.028213166,81541688,3985.283,54.999,2367,1011.116931
7/1/16,Fri,1467331200,40085,401254,12.23,-0.013709677,81574306.28,4079.6463,55.25,1380,997.6537658
7/2/16,Sat,1467417600,39257,403829,12.04,-0.015535568,81606222.84,4128.3988,56.612,1382,982.538923
7/3/16,Sun,1467504000,39757,407099,11.85,-0.015780731,81638262.53,4218.2585,57.749,1404,967.413411
7/4/16,Mon,1467590400,39950,409961,11.34,-0.043037975,81670403.47,4220.1757,57.434,1415,926.1423753
7/5/16,Tue,1467676800,39270,413875,10.45,-0.078483245,81701981.28,4207.4557,58.422,1470,853.7857044
7/6/16,Wed,1467763200,37900,416917,10.51,0.005741627,81734336.13,4197.2067,57.054,1409,859.0278727
7/7/16,Thu,1467849600,40433,420028,10.07,-0.041864891,81766232.06,4204.9805,57.701,1414,823.3859569
7/8/16,Fri,1467936000,42506,423126,11.3,0.122144985,81798181.59,4178.4236,57.863,1581,924.319452
7/9/16,Sat,1468022400,40410,427153,10.92,-0.033628319,81830979.72,4178.8499,56.397,1417,893.5942985
7/10/16,Sun,1468108800,39358,430282,10.97,0.004578755,81862945.19,4246.1162,58.464,1407,898.0365087
7/11/16,Mon,1468195200,38582,432814,10.58,-0.035551504,81894930.5,4316.679,59.261,1421,866.4483647
7/12/16,Tue,1468281600,40811,436469,10.54,-0.003780718,81926691.59,4341.3838,59.737,1567,863.5073294
7/13/16,Wed,1468368000,35740,439291,10.44,-0.009487666,81958850.19,4376.3964,59.851,1357,855.650396
7/14/16,Thu,1468454400,42809,442427,11.55,0.106321839,81990660.97,4336.1406,59.835,1536,946.9921342
7/15/16,Fri,1468540800,41110,445925,11.88,0.028571429,82022545.66,4244.7849,58.712,1457,974.4278424
7/16/16,Sat,1468627200,38062,448149,11.59,-0.024410774,82054716.13,4308.5953,58.591,1349,951.0141599
7/17/16,Sun,1468713600,33914,449627,11.19,-0.034512511,82086493.47,4336.7179,59.611,1264,918.5478619
7/18/16,Mon,1468800000,39198,452120,11.03,-0.014298481,82118991.59,4437.5176,59.774,1397,905.7724773
7/19/16,Tue,1468886400,44184,455066,11.63,0.054397099,82150765.5,4369.9745,60.393,1502,955.4134028
7/20/16,Wed,1468972800,50631,459828,12.54,0.078245916,82182680.34,4277.1166,58.929,1718,1030.570812
7/21/16,Thu,1469059200,44882,463245,12.66,0.009569378,82215464.09,4437.1791,59.763,1522,1040.847775
7/22/16,Fri,1469145600,48458,467682,14.82,0.170616114,82247154.72,4291.8557,59.596,1641,1218.902833
7/23/16,Sat,1469232000,45006,471467,14.4,-0.028340081,82279549.72,4449.4236,60.797,1496,1184.825516
7/24/16,Sun,1469318400,58215,475286,12.63,-0.122916667,82311025.97,4372.8166,60.912,1797,1039.588258
7/25/16,Mon,1469404800,54856,479819,13.84,0.095803642,82343017.53,4225.539,58.041,1737,1139.627363
7/26/16,Tue,1469491200,61930,485119,12.08,-0.12716763,82373795.03,4064.894,57.485,1946,995.075444
7/27/16,Wed,1469577600,53035,490249,13.05,0.080298013,82406732.84,3791.4432,51.387,1706,1075.407864
7/28/16,Thu,1469664000,48555,493294,12.87,-0.013793103,82439087.06,3974.6171,55.687,1610,1060.99105
7/29/16,Fri,1469750400,47243,496589,12.87,0,82471026.44,3869.0261,55.146,1598,1061.40211
7/30/16,Sat,1469836800,42011,498814,12.57,-0.023310023,82502668.16,3833.054,54.679,1460,1037.058539
7/31/16,Sun,1469923200,48749,501305,11.86,-0.056483691,82534887.69,3859.1788,54.483,1585,978.863768
8/1/16,Mon,1470009600,45978,503754,11.04,-0.069139966,82566482.06,3811.4589,54.442,1561,911.533962
8/2/16,Tue,1470096000,49041,507459,8.3,-0.248188406,82597837.22,3509.0712,50.797,1687,685.5620489
8/3/16,Wed,1470182400,49475,510443,10.42,0.255421687,82629544.88,3425.8341,48.633,1665,860.9998576
8/4/16,Thu,1470268800,46761,513258,11.21,0.075815739,82662397.69,3713.5399,51.09,1617,926.6454781
8/5/16,Fri,1470355200,43212,515463,11.05,-0.014272971,82694629.72,3788.6608,53.305,1527,913.7756584
8/6/16,Sat,1470441600,41487,517347,10.95,-0.009049774,82726219.56,3712.8702,53.004,1465,905.8521042
8/7/16,Sun,1470528000,42955,519108,10.98,0.002739726,82758510.66,3823.9977,53.578,1473,908.688447
8/8/16,Mon,1470614400,42984,521038,11.29,0.028233151,82790686.59,3890.3127,54.81,1504,934.7068516
8/10/16,Wed,1470787200,46290,523626,12.22,0.082373782,82822849.56,4188.2693,58.86,1607,1012.095222
8/9/16,Tue,1470700800,47057,526538,12.22,0,82855515.97,4080.0038,56.755,1592,1012.494405
8/11/16,Thu,1470873600,48171,529018,11.68,-0.044189853,82887720.81,4270.9885,60.119,1621,968.1285791
8/12/16,Fri,1470960000,44400,531192,11.78,0.008561644,82919824.09,4237.0475,60.031,1559,976.7955278
8/13/16,Sat,1471046400,41088,532827,11.56,-0.018675722,82951823,4228.4036,59.674,1431,958.9230739
8/14/16,Sun,1471132800,40577,534412,11.21,-0.030276817,82983791.91,4225.0655,59.899,1406,930.2483073
8/15/16,Mon,1471219200,42302,536080,11.21,0,83016120.81,4251.9922,59.514,1467,930.6107143
8/16/16,Tue,1471305600,48949,537798,11.17,-0.003568243,83048158,4385.5314,61.567,1621,927.6479249
8/17/16,Wed,1471392000,44867,539428,10.77,-0.035810206,83080152.53,4329.829,61.463,1532,894.7732428
8/18/16,Thu,1471478400,47799,541085,10.77,0,83112941.59,4368.166,61.11,1663,895.126381
8/19/16,Fri,1471564800,42948,542717,10.71,-0.005571031,83144783,4409.826,62.459,1491,890.4806259
8/20/16,Sat,1471651200,41318,544620,11.28,0.053221289,83177018.63,4516.0321,63.447,1453,938.2367701
8/21/16,Sun,1471737600,42543,546514,11.14,-0.012411348,83209710.97,4513.7179,63.103,1480,926.9561802
8/22/16,Mon,1471824000,44250,548109,11.07,-0.006283662,83242003.78,4601.7622,64.446,1526,921.4889819
8/23/16,Tue,1471910400,48430,550573,11.01,-0.005420054,83274187.69,4631.2453,65.758,2023,916.8488064
8/24/16,Wed,1471996800,46821,552384,11.01,0,83306461.13,4650.6361,65.493,1590,917.204137
8/25/16,Thu,1472083200,49868,554545,11.35,0.030881017,83338596.75,4815.0103,67.338,1663,945.8930731
8/26/16,Fri,1472169600,47292,556489,11.26,-0.007929515,83370468.16,4932.0395,70.035,1610,938.7514714
8/27/16,Sat,1472256000,47938,557883,11.19,-0.006216696,83402774.56,4919.3846,69.02,1586,933.2770474
8/28/16,Sun,1472342400,42607,559482,10.99,-0.017873101,83434802.53,4865.2902,68.798,1451,916.9484798
8/29/16,Mon,1472428800,45510,561294,10.95,-0.003639672,83466728.94,4814.9702,68.148,1572,913.9606819
8/30/16,Tue,1472515200,46979,563151,11.21,0.023744292,83498603.78,4812.1623,68.22,1616,936.0193484
8/31/16,Wed,1472601600,45846,565136,11.55,0.030330062,83530738.31,4912.9748,69.059,1538,964.7800275
9/1/16,Thu,1472688000,47491,567294,12.21,0.057142857,83562483,4966.2194,70.596,1583,1020.297917
9/2/16,Fri,1472774400,55413,569263,12.08,-0.010647011,83594867.06,5019.0583,70.13,1850,1009.825994
9/3/16,Sat,1472860800,44792,571037,11.85,-0.019039735,83626363,4789.3796,68.51,1513,990.9724016
9/4/16,Sun,1472947200,48128,572702,11.71,-0.011814346,83658227.06,4635.7113,65.871,1719,979.6378389
9/5/16,Mon,1473033600,42667,574371,11.75,0.003415884,83690416.75,4827.2541,67.661,1512,983.3623968
9/6/16,Tue,1473120000,49102,576228,11.7,-0.004255319,83722098.16,4792.9349,68.158,1722,979.5485484
9/7/16,Wed,1473206400,48701,577984,11.59,-0.009401709,83754365.97,4926.6069,68.605,1692,970.7131016
9/8/16,Thu,1473292800,55970,579977,11.39,-0.017256255,83786274.56,4824.1998,68.487,1900,954.3256673
9/9/16,Fri,1473379200,53918,582016,11.72,0.028972783,83818491.44,4852.4709,68.268,1853,982.3527196
9/10/16,Sat,1473465600,42875,583909,12.05,0.028156997,83850322.06,4908.3645,69.729,1508,1010.396381
9/11/16,Sun,1473552000,43345,585641,11.64,-0.034024896,83882675.03,5077.4945,71.178,1460,976.3943374
9/12/16,Mon,1473638400,45123,588032,11.89,0.021477663,83914912.06,5053.5361,71.225,1585,997.7483044
9/13/16,Tue,1473724800,42591,589982,11.92,0.002523129,83946816.91,5041.1066,71.654,1497,1000.646058
9/14/16,Wed,1473811200,53859,591822,11.97,0.004194631,83979345.66,5182.9774,72.546,1758,1005.232768
9/15/16,Thu,1473897600,52622,593560,11.96,-0.000835422,84011528.47,5178.7626,73.116,1743,1004.77788
9/16/16,Fri,1473984000,57532,595415,12.61,0.054347826,84043767.53,5166.6579,72.645,2020,1059.791909
9/17/16,Sat,1474070400,46882,597259,12.83,0.017446471,84075922.53,5341.3299,75.421,1588,1078.694086
9/18/16,Sun,1474156800,37893,598924,12.39,-0.034294622,84105496.44,4904.1278,72.224,1433,1042.067101
9/19/16,Mon,1474243200,40505,599907,12.93,0.043583535,84139773.31,4750.378,62.901,1341,1087.927269
9/20/16,Tue,1474329600,54067,602298,14.72,0.138437742,84172265.81,5422.6074,74.758,1689,1239.015753
9/21/16,Wed,1474416000,44549,605237,13.72,-0.067934783,84204349.56,5525.5828,77.929,1598,1155.283676
9/22/16,Thu,1474502400,52657,606968,13.11,-0.044460641,84235955.19,5071.3503,71.323,1876,1104.333373
9/23/16,Fri,1474588800,35219,608507,13.36,0.019069413,84270235.19,5305.6755,72.67,1280,1125.850342
9/24/16,Sat,1474675200,43418,610118,12.91,-0.033682635,84303560.03,5103.0049,74.211,1526,1088.35896
9/25/16,Sun,1474761600,38713,612211,13.05,0.010844307,84337950.5,5555.4792,75.468,1387,1100.610254
9/26/16,Mon,1474848000,43514,613935,12.89,-0.012260536,84370081.28,5200.9835,75.443,1545,1087.530348
9/27/16,Tue,1474934400,46817,615620,13.09,0.015515904,84405365.66,5120.341,71.522,1661,1104.866236
9/29/16,Thu,1475107200,40416,618271,13.17,0.006111536,84437679.09,6022.4118,83.711,1442,1112.044234
9/28/16,Wed,1475020800,42797,620099,13.3,0.009870919,84470082.53,5846.2348,81.379,1561,1123.452098
9/30/16,Fri,1475193600,35836,622544,13.24,-0.004511278,84501705.81,5880.2036,83.323,1437,1118.802585
10/1/16,Sat,1475280000,53076,624508,13.21,-0.002265861,84536184.41,5152.6442,76.304,1810,1116.722996
10/2/16,Sun,1475366400,51105,627061,13.23,0.001514005,84571945.19,5483.6261,76.005,1687,1118.886835
10/3/16,Mon,1475452800,47672,629658,13.45,0.016628874,84605219.72,5953.6984,81.561,1719,1137.940205
10/4/16,Tue,1475539200,56662,653826,13.32,-0.009665428,84637271.13,6202.7305,86.514,2192,1127.368451
10/5/16,Wed,1475625600,41719,656302,13.09,-0.017267267,84670352.69,5577.4987,80.8,1802,1108.334917
10/6/16,Thu,1475712000,36826,659011,12.87,-0.016806723,84703194.56,5922.4732,83.821,1938,1090.130114
10/7/16,Fri,1475798400,43708,661379,12.68,-0.014763015,84739746.44,4970.4163,69.908,4119,1074.499985
10/8/16,Sat,1475884800,37690,664537,12.24,-0.034700315,84775841.13,5604.5061,76.211,5429,1037.656295
10/9/16,Sun,1475971200,43940,667329,12.06,-0.014705882,84809266.75,6061.2059,84.951,5683,1022.799757
10/10/16,Mon,1476057600,44940,686320,11.74,-0.026533997,84842397.69,6191.8909,86.427,12725,996.0497489
10/11/16,Tue,1476144000,41053,692167,11.75,0.000851789,84874877.22,6396.5054,89.686,2762,997.2798073
10/12/16,Wed,1476230400,30002,700440,11.77,0.001702128,84907969.88,5894.3176,84.156,1248,999.3668054
10/13/16,Thu,1476316800,32244,716073,12.02,0.021240442,84942796.13,5992.5502,82.198,1306,1021.012409
10/14/16,Fri,1476403200,42006,728429,11.9,-0.009983361,84975709.88,6610.6347,91.991,1400,1011.210948
10/15/16,Sat,1476489600,33662,731881,11.96,0.005042017,85007917.06,6775.8615,95.454,1236,1016.694688
10/16/16,Sun,1476576000,34990,736985,11.93,-0.002508361,85040847.38,6765.6017,95.168,1297,1014.537309
10/17/16,Mon,1476662400,38136,741716,11.98,0.004191115,85073225.19,6470.6153,92.157,1377,1019.177238
10/18/16,Tue,1476748800,51898,746368,12.5,0.043405676,85106545.5,6728.4087,92.932,1747,1063.831819
10/19/16,Wed,1476835200,38497,747915,11.98,-0.0416,85139695.19,6385.8647,92.358,1638,1019.973548
10/20/16,Thu,1476921600,43438,749504,12.05,0.005843072,85174224.25,6900.1594,92.825,1466,1026.349402
10/21/16,Fri,1477008000,57780,751013,12.07,0.001659751,85206351.13,7307.962,102.156,1724,1028.440658
10/22/16,Sat,1477094400,37772,752751,12.06,-0.0008285,85238053.78,7382.1642,103.794,1357,1027.970929
10/23/16,Sun,1477180800,35364,754105,11.95,-0.009121061,85269385.66,7219.1314,102.341,1292,1018.969159
10/24/16,Mon,1477267200,52547,755748,11.93,-0.00167364,85301447.53,7277.3711,101.691,1791,1017.646269
10/25/16,Tue,1477353600,47610,758849,11.38,-0.046102263,85333112.06,7459.7244,104.669,1675,971.0908153
10/26/16,Wed,1477440000,45158,760844,11.5,0.010544815,85365068.94,7503.7485,104.784,1550,981.6982928
10/27/16,Thu,1477526400,44353,762714,11.43,-0.006086957,85396513.94,7438.5065,104.659,1518,976.0821543
10/28/16,Fri,1477612800,41522,765038,11.08,-0.030621172,85427593,7120.6124,101.735,1472,946.5377304
10/29/16,Sat,1477699200,40011,766865,10.39,-0.062274368,85457222.53,5695.7524,85.036,1461,887.9005421
10/30/16,Sun,1477785600,39435,768687,11.22,0.079884504,85489183,5454.259,76.37,1422,959.1886333
10/31/16,Mon,1477872000,45031,770540,10.91,-0.027629234,85521204.25,5869.6806,81.664,1536,933.0363384
11/1/16,Tue,1477958400,49025,772838,10.75,-0.014665445,85551702.69,5051.2126,73.351,1689,919.6808039
11/2/16,Wed,1478044800,43519,777832,10.82,0.006511628,85582844.72,4531.1125,64.719,1497,926.0063799
11/3/16,Thu,1478131200,42346,779820,10.86,0.003696858,85614060.66,4313.7141,61.515,1471,929.7686987
11/4/16,Fri,1478217600,32572,781449,11.13,0.024861878,85644984.25,3971.1034,57.16,1262,953.2286747
11/5/16,Sat,1478304000,37690,782988,11.11,-0.001796945,85676408.78,3751.7897,53.005,1358,951.8649016
11/6/16,Sun,1478390400,34391,784678,10.97,-0.01260126,85708208.94,3688.7432,51.647,1289,940.219052
11/7/16,Mon,1478476800,41941,786489,10.9,-0.006381039,85741468,4362.9653,58.599,1399,934.5820012
11/8/16,Tue,1478563200,41569,788550,10.86,-0.003669725,85773795.19,4893.0046,67.264,1476,931.5034157
11/9/16,Wed,1478649600,40517,791024,10.64,-0.020257827,85804797.53,4786.721,68.501,1484,912.9630457
11/10/16,Thu,1478736000,40164,793001,10.52,-0.011278195,85836008.31,4399.0135,62.532,1492,902.9948074
11/11/16,Fri,1478822400,41070,795241,10.29,-0.021863118,85867347.69,4285.9637,60.582,1462,883.5750077
11/12/16,Sat,1478908800,40882,797064,9.96,-0.032069971,85899297.69,4355.3253,60.465,1426,855.557005
11/13/16,Sun,1478995200,43673,799460,10.13,0.017068273,85931721.91,4718.0689,64.651,1468,870.4883429
11/15/16,Tue,1479168000,45330,801577,10.22,0.008884501,85963158.94,4926.4165,69.61,1577,878.5434843
11/14/16,Mon,1479081600,43876,803432,10,-0.021526419,85995043.16,4872.7435,68.109,1576,859.9504316
11/16/16,Wed,1479254400,41684,805304,10.01,0.001,86026624.56,4858.6238,67.943,1481,861.1265119
11/17/16,Thu,1479340800,40738,807112,9.95,-0.005994006,86057433.16,4660.1084,66.53,1476,856.2714599
11/18/16,Fri,1479427200,43785,809162,9.53,-0.042211055,86090533.94,4933.6367,66.438,1514,820.4427884
11/19/16,Sat,1479513600,39289,810733,9.7,0.017838405,86122865.03,5252.2465,71.949,1375,835.3917908
11/20/16,Sun,1479600000,42125,812403,9.57,-0.013402062,86155325.19,5747.4276,78.335,1473,824.506462
11/21/16,Mon,1479686400,42735,814569,9.56,-0.001044932,86187136.75,6067.3139,84.45,1537,823.9490273
11/22/16,Tue,1479772800,53585,816176,9.84,0.029288703,86218314.25,5664.3154,81.078,1708,848.3882122
11/23/16,Wed,1479859200,64289,817840,9.78,-0.006097561,86250939.88,5299.0298,75.589,1950,843.534192
11/24/16,Thu,1479945600,36861,819485,9.22,-0.057259714,86283337.53,5416.4349,68.111,1424,795.532372
11/25/16,Fri,1480032000,58075,840006,9.39,0.018438178,86316772.38,5623.5357,65.987,1767,810.5144926
11/26/16,Sat,1480118400,40804,843172,9.34,-0.005324814,86349268.31,5881.8116,69.017,1501,806.502166
11/27/16,Sun,1480204800,44449,845997,8.91,-0.046038544,86382979.41,5584.128,65.524,1703,769.6723465
11/28/16,Mon,1480291200,48388,847709,8.66,-0.028058361,86416919.25,5765.2583,67.65,1731,748.3705207
11/29/16,Tue,1480377600,47036,849474,8.18,-0.055427252,86449890.34,5881.2257,69.01,1692,707.160103
11/30/16,Wed,1480464000,39178,851332,8.59,0.050122249,86481730.34,5904.5764,69.284,2209,742.8780637
12/1/16,Thu,1480550400,37121,852988,8.44,-0.017462165,86513478.63,5991.9926,70.31,1407,730.1737596
12/2/16,Fri,1480636800,41642,856233,7.65,-0.093601896,86545275.03,6073.4179,71.265,1462,662.071354
12/3/16,Sat,1480723200,41357,862630,7.9,0.032679739,86577391.44,6099.6118,74.253,1404,683.9613924
12/4/16,Sun,1480809600,39643,868190,7.54,-0.04556962,86608563.94,5331.2802,75.672,1403,653.0285721
12/5/16,Mon,1480896000,41613,874903,6.69,-0.112732095,86639798.63,5198.7468,73.601,1491,579.6202528
12/6/16,Tue,1480982400,48200,877485,7.61,0.137518685,86671774.25,5148.711,71.207,1615,659.572202
12/7/16,Wed,1481068800,41757,879373,8.35,0.097240473,86703484.88,5264.3617,73.643,1523,723.9740987
12/8/16,Thu,1481155200,39587,881066,8.3,-0.005988024,86735578.94,5523.1193,76.369,1416,719.9053052
12/9/16,Fri,1481241600,41444,882875,8.52,0.026506024,86767239.56,5658.9104,79.28,1502,739.2568811
12/10/16,Sat,1481328000,40564,886258,8.09,-0.050469484,86798915.97,5798.285,80.985,1428,702.2032302
12/11/16,Sun,1481414400,39164,888937,8.2,0.013597033,86830698,5946.0499,82.938,1681,712.0117236
12/12/16,Mon,1481500800,38741,890669,8.45,0.030487805,86862037.38,5719.9028,80.878,1477,733.9842158
12/13/16,Tue,1481587200,44664,892266,8.4,-0.00591716,86893847.38,5874.665,82.224,1538,729.908318
12/14/16,Wed,1481673600,47294,895504,8.23,-0.020238095,86925697.84,5861.5044,81.678,1835,715.3984933
12/15/16,Thu,1481760000,46102,899270,7.76,-0.057108141,86957065.66,5827.1006,82.534,1582,674.7868295
12/16/16,Fri,1481846400,43953,901155,7.85,0.011597938,86988822.06,6031.5534,84.138,1506,682.8622532
12/17/16,Sat,1481932800,39442,904251,7.66,-0.024203822,87020784.41,6102.0636,84.534,1418,666.5792086
12/18/16,Sun,1482019200,36640,906316,7.89,0.03002611,87052676.91,6284.0681,87.76,1345,686.8456208
12/19/16,Mon,1482105600,45599,908427,7.61,-0.035487959,87084147.38,6324.846,88.902,1616,662.7103615
12/20/16,Tue,1482192000,44241,910765,7.59,-0.002628121,87115816.28,6478.8654,90.508,1536,661.2090456
12/21/16,Wed,1482278400,50793,912667,7.87,0.036890646,87147409.25,6449.9952,90.111,1769,685.8501108
12/22/16,Thu,1482364800,55173,921440,7.64,-0.029224905,87178483.31,6219.3619,88.552,1762,666.0436125
12/23/16,Fri,1482451200,44391,925590,7.16,-0.062827225,87209600.66,5797.7449,82.166,1522,624.4207407
12/24/16,Sat,1482537600,37757,927358,7.23,0.009776536,87240927.53,5435.8074,76.928,1361,630.7519061
12/25/16,Sun,1482624000,36601,928670,7.19,-0.005532503,87272935.97,5672.4506,78.75,1317,627.4924096
12/26/16,Mon,1482710400,34565,930087,7.21,0.002781641,87304580.66,5906.7133,82.528,1294,629.4660265
12/27/16,Tue,1482796800,42370,931796,7.15,-0.008321775,87335807.22,5725.5243,80.947,1558,624.4510216
12/28/16,Wed,1482883200,43386,933815,7.57,0.058741259,87367378.63,5703.598,79.482,1531,661.3710562
12/29/16,Thu,1482969600,46546,936427,8.21,0.084544254,87399197.38,5621.4968,78.498,1678,717.5474104
12/30/16,Fri,1483056000,44561,938850,8.16,-0.006090134,87430878.94,5670.0348,78.996,1623,713.4359721
12/31/16,Sat,1483142400,41220,941811,8.05,-0.013480392,87462107.06,5739.8584,81.073,1544,704.0699619
1/1/17,Sun,1483228800,38730,943417,8.14,0.011180124,87493855.34,5746.3882,79.895,1390,712.1999825
1/2/17,Mon,1483315200,39652,945665,8.33,0.023341523,87525386.13,5772.7032,80.591,1458,729.0864664
1/3/17,Tue,1483401600,45883,948326,9.59,0.151260504,87556909.41,5701.1528,80.545,1627,839.6707612
1/4/17,Wed,1483488000,50673,951853,10.88,0.13451512,87589008.94,6330.766,87.318,1717,952.9684172
1/5/17,Thu,1483574400,49596,955172,10.2,-0.0625,87620825.97,6451.8286,90.096,1676,893.7324249
1/6/17,Fri,1483660800,43804,958484,10.07,-0.012745098,87652185.5,6519.8016,91.837,1593,882.657508
1/7/17,Sat,1483747200,43622,961114,9.78,-0.028798411,87684080.5,6730.0143,93.445,1570,857.5503073
1/8/17,Sun,1483833600,42727,963314,10.27,0.050102249,87715764.88,6777.3147,94.534,1557,900.8409053
1/9/17,Mon,1483920000,46188,965736,10.2,-0.006815969,87747515.19,7001.3724,97.382,1595,895.0246549
1/10/17,Tue,1484006400,48179,968054,10.55,0.034313725,87778864.56,6997.2239,98.722,1686,926.0670211
1/11/17,Wed,1484092800,45221,970329,9.83,-0.068246445,87810387.53,7054.4628,99.096,1591,863.1761094
1/12/17,Thu,1484179200,50589,973959,9.81,-0.002034588,87841944.25,7142.7291,99.976,1697,861.7294731
1/13/17,Fri,1484265600,50833,977582,9.78,-0.003058104,87873674.56,7277.2919,101.356,1729,859.4045372
1/14/17,Sat,1484352000,42044,981025,9.78,0,87905152.69,7334.4015,102.517,1499,859.7123933
1/15/17,Sun,1484438400,41748,983455,9.88,0.010224949,87936854.72,7443.4979,103.641,1498,868.8161246
1/16/17,Mon,1484524800,45375,985864,9.59,-0.029352227,87968395.03,7416.8136,104.134,1575,843.6169083
1/17/17,Tue,1484611200,46671,988571,10.14,0.057351408,87999691.13,7325.2279,103.817,1642,892.316868
1/18/17,Wed,1484697600,44994,991171,10.19,0.004930966,88031299.09,7318.3297,102.053,1583,897.0389378
1/19/17,Thu,1484784000,43628,993689,10.43,0.023552502,88063420.19,7751.0819,107.184,1552,918.5014726
1/20/17,Fri,1484870400,45775,996812,10.6,0.016299137,88094541.28,7527.1882,106.857,1609,933.8021376
1/21/17,Sat,1484956800,43302,999192,10.91,0.029245283,88126065.03,7733.7168,108.358,1504,961.4553695
1/22/17,Sun,1485043200,47432,1001830,10.71,-0.018331806,88157642.84,7754.1077,108.811,1616,944.1683549
1/23/17,Mon,1485129600,46076,1004532,10.78,0.006535948,88189141.28,7918.1929,111.109,1612,950.678943
1/24/17,Tue,1485216000,50414,1006944,10.51,-0.025046382,88220561.75,7831.2888,109.885,1754,927.198104
1/25/17,Wed,1485302400,46256,1009369,10.51,0,88251985.34,7811.0208,110.021,1644,927.528366
1/26/17,Thu,1485388800,46856,1012519,10.65,0.013320647,88283770.03,7995.4413,111.654,1673,940.2221508
1/27/17,Fri,1485475200,46680,1014907,10.51,-0.01314554,88314884.88,7965.2252,112.707,1658,928.18944
1/28/17,Sat,1485561600,45189,1017588,10.54,0.002854424,88346412.84,7948.4087,111.597,1628,931.1711914
1/29/17,Sun,1485648000,42509,1019716,10.47,-0.006641366,88377545.97,7806.189,110.677,1523,925.3129063
1/30/17,Mon,1485734400,45369,1022347,10.62,0.014326648,88409461.28,8008.7446,110.965,1579,938.9084788
1/31/17,Tue,1485820800,43649,1024108,10.71,0.008474576,88440875.19,8035.4474,112.737,1539,947.2017733
2/1/17,Wed,1485907200,44541,1026094,10.71,0,88472207.38,7882.049,111.557,1607,947.537341
2/2/17,Thu,1485993600,43709,1028070,10.78,0.006535948,88503622.22,8117.6108,113.89,1578,954.0690475
2/3/17,Fri,1486080000,42778,1029880,10.95,0.015769944,88534895.5,7901.9704,112.321,1568,969.4571057
2/4/17,Sat,1486166400,45410,1032097,11.32,0.033789954,88566656.28,8085.6263,112.665,1560,1002.574549
2/5/17,Sun,1486252800,46542,1033882,11.22,-0.008833922,88598257.84,8480.8345,118.163,1614,994.072453
2/6/17,Mon,1486339200,47306,1035599,11.32,0.008912656,88629881.44,8517.039,119.234,1606,1003.290258
2/7/17,Tue,1486425600,51866,1037811,11.45,0.011484099,88661372.84,8437.3906,119.408,1827,1015.172719
2/8/17,Wed,1486512000,51089,1040358,11.39,-0.005240175,88693080.81,8613.5409,120.24,1764,1010.21419
2/9/17,Thu,1486598400,47873,1042268,10.94,-0.039508341,88724508,8630.2683,121.113,1630,970.6461175
2/10/17,Fri,1486684800,52222,1044332,11.34,0.036563071,88756004.41,8851.2981,124.421,1735,1006.49309
2/11/17,Sat,1486771200,46560,1046267,11.43,0.007936508,88787594.25,8899.597,124.729,1594,1014.842202
2/12/17,Sun,1486857600,45319,1048901,11.42,-0.000874891,88819163.94,9024.3553,126.46,1571,1014.314852
2/13/17,Mon,1486944000,55990,1051104,11.39,-0.00262697,88850898,9091.8695,127.523,1823,1012.011728
2/14/17,Tue,1487030400,58298,1053923,13,0.141352063,88882368.94,9220.0798,129.976,1914,1155.470796
2/15/17,Wed,1487116800,55320,1056702,12.97,-0.002307692,88914090.34,9298.392,129.591,1818,1153.215752
2/16/17,Thu,1487203200,49674,1058825,12.95,-0.00154202,88945630.19,9286.9502,129.994,1661,1151.845911
2/17/17,Fri,1487289600,49406,1060926,12.72,-0.017760618,88976958,9441.935,133.278,1661,1131.786906
2/18/17,Sat,1487376000,49398,1063883,12.83,0.008647799,89008169.72,9563.2843,135.014,1773,1141.974817
2/19/17,Sun,1487462400,48227,1065920,12.82,-0.000779423,89039436.91,9739.2103,137.219,1635,1141.485581
2/20/17,Mon,1487548800,50152,1068400,12.52,-0.023400936,89070824.72,9701.1651,137.087,1696,1115.166725
2/21/17,Tue,1487635200,58434,1071424,12.77,0.019968051,89102241.59,10010.5654,140.244,1989,1137.835625
2/22/17,Wed,1487721600,50372,1073757,12.69,-0.006264683,89133228.94,9878.51,140.528,1790,1131.100675
2/23/17,Thu,1487808000,47601,1076071,13.13,0.034672971,89164458.47,9956.9834,139.771,1667,1170.72934
2/24/17,Fri,1487894400,54081,1078758,13.11,-0.001523229,89195722.06,9921.6984,140.244,1778,1169.355916
2/25/17,Sat,1487980800,53245,1081093,13.57,0.035087719,89227275.97,10123.88,142.922,1761,1210.814135
2/26/17,Sun,1488067200,51716,1083604,14.59,0.075165807,89259096.13,10602.6615,147.403,1713,1302.290212
2/27/17,Mon,1488153600,52642,1086792,15.55,0.065798492,89290342.53,10625.274,150.763,1819,1388.464826
2/28/17,Tue,1488240000,60277,1091303,16.07,0.033440514,89322198.63,11119.9788,154.531,1935,1435.407732
3/1/17,Wed,1488326400,59774,1098329,17.55,0.092097075,89353343.47,10718.1257,152.61,2235,1568.151178
3/2/17,Thu,1488412800,70779,1104821,19.08,0.087179487,89384974.41,10915.3639,152.75,2209,1705.465312
3/3/17,Fri,1488499200,64294,1111646,19.48,0.020964361,89416273.31,11419.5855,160.218,2084,1741.829004
3/4/17,Sat,1488585600,58756,1115958,18.61,-0.044661191,89447445.97,11171.4309,158.696,1860,1664.616969
3/5/17,Sun,1488672000,57031,1120047,19.22,0.032778076,89479007.84,11701.7413,163.957,1821,1719.786531
3/6/17,Mon,1488758400,57020,1124705,19.75,0.027575442,89510160.97,11736.4413,166.365,1808,1767.825679
3/7/17,Tue,1488844800,62589,1128534,18.91,-0.042531646,89541229.72,11651.4652,165.933,1963,1693.224654
3/8/17,Wed,1488931200,55386,1132810,16.54,-0.125330513,89572555.66,12138.6545,170.548,1800,1481.530071
3/9/17,Thu,1489017600,64266,1139420,17.71,0.070737606,89603365.19,12105.6647,173.894,2403,1586.875597
3/10/17,Fri,1489104000,65132,1145555,19.13,0.080180689,89634392.22,12144.0613,172.946,2190,1714.705923
3/11/17,Sat,1489190400,64803,1151496,21.45,0.121275484,89665627.69,12381.3095,175.151,2014,1923.327714
3/12/17,Sun,1489276800,66646,1158864,23.31,0.086713287,89696477.22,12404.6584,177.745,2043,2090.824884
3/13/17,Mon,1489363200,81718,1170758,28.45,0.220506221,89728090.97,12817.8346,180.235,2452,2552.764188
3/14/17,Tue,1489449600,77155,1180408,28.58,0.00456942,89759305.81,12624.5995,179.845,2433,2565.32096
3/15/17,Wed,1489536000,81205,1190919,35.18,0.230930721,89790683.47,13008.71,184.132,2456,3158.836244
3/16/17,Thu,1489622400,109950,1208579,45.51,0.293632746,89822111.44,13093.3706,185.854,3071,4087.804292
3/17/17,Fri,1489708800,106635,1224321,44.48,-0.022632388,89853953.31,13708.6332,192.81,2880,3996.703843
3/18/17,Sat,1489795200,89920,1236276,34,-0.235611511,89885435.66,13956.1955,197.601,2513,3056.104812
3/19/17,Sun,1489881600,84599,1244923,43.12,0.268235294,89916430.19,13381.2912,190.867,2396,3877.19647
3/20/17,Mon,1489968000,80264,1254137,42.51,-0.014146568,89948100.5,14240.8505,199.408,2316,3823.693752
3/21/17,Tue,1490054400,84298,1264243,42.67,0.00376382,89979116.91,14004.9233,199.631,2507,3839.408918
3/22/17,Wed,1490140800,78821,1272509,41.65,-0.023904382,90010489.25,14303.7526,201.632,2368,3748.936877
3/23/17,Thu,1490227200,82434,1280501,43.2,0.037214886,90041470.19,14696.6462,210.879,2513,3889.791512
3/24/17,Fri,1490313600,87775,1291931,53.19,0.23125,90072311.13,14717.153,211,2557,4790.946229
3/25/17,Sat,1490400000,84394,1301464,50.62,-0.048317353,90103373.94,14850.0107,211.205,2428,4561.032789
3/26/17,Sun,1490486400,79534,1308803,50.63,0.00019755,90134549.41,15592.211,221.175,2375,4563.512236
3/27/17,Mon,1490572800,94570,1320623,49.06,-0.031009283,90165551.59,16234.1177,231.657,2896,4423.521961
3/28/17,Tue,1490659200,84348,1329617,50.25,0.024256013,90196107.06,15956.633,229.549,2543,4532.35438
3/29/17,Wed,1490745600,93064,1338529,53.07,0.056119403,90227375.34,16444.6814,232.98,2744,4788.366809
3/30/17,Thu,1490832000,96209,1352837,51.91,-0.021857923,90258195.19,16508.1931,236.982,2853,4685.302912
3/31/17,Fri,1490918400,103102,1367188,49.91,-0.038528222,90289403.47,16923.4135,240.139,2949,4506.344127
4/1/17,Sat,1491004800,80572,1374894,50.6,0.013824885,90320254.41,16684.6609,239.048,2403,4570.204873
4/2/17,Sun,1491091200,88948,1385185,48.55,-0.040513834,90350695.19,16718.5386,242.037,2669,4386.526251
4/3/17,Mon,1491177600,100221,1398126,44.13,-0.091040165,90381881.44,15983.0117,225.778,2788,3988.552428
4/4/17,Tue,1491264000,86279,1408346,44.43,0.006798097,90412936.75,16872.131,240.588,2518,4017.04678
4/5/17,Wed,1491350400,87411,1418641,44.9,0.010578438,90444172.06,17294.066,246.279,2558,4060.943326
4/6/17,Thu,1491436800,95177,1432417,43.23,-0.037193764,90474896.44,17238.063,248.619,2799,3911.229773
4/7/17,Fri,1491523200,92846,1440597,42.31,-0.021281517,90505970.97,17541.6491,249.575,2776,3829.307632
4/8/17,Sat,1491609600,72144,1447313,44.37,0.048688253,90536886.59,17605.5606,252.485,2249,4017.121658
4/9/17,Sun,1491696000,74557,1453300,43.72,-0.014649538,90567128.63,17278.0448,253.175,2358,3959.594863
4/10/17,Mon,1491782400,75487,1460327,43.74,0.000457457,90597165.81,17285.4863,255.973,2460,3962.720033
4/11/17,Tue,1491868800,75891,1466464,43.74,0,90627616.28,17900.816,261.037,2377,3964.051936
4/12/17,Wed,1491955200,80347,1476683,46.38,0.060356653,90657833.31,17672.1498,260.942,2697,4204.710309
4/13/17,Thu,1492041600,84124,1485120,49.97,0.077404053,90688173.16,17325.6847,254.806,2589,4531.688013
4/14/17,Fri,1492128000,81155,1492214,47.32,-0.053031819,90719162.84,18877.3819,271.575,2451,4292.830786
4/15/17,Sat,1492214400,74820,1498803,48.89,0.03317836,90749160.97,18356.8933,272.397,2348,4436.72648
4/16/17,Sun,1492300800,70634,1503386,48.22,-0.013704234,90779668.16,18623.6556,272.581,2220,4377.395598
4/17/17,Mon,1492387200,72546,1509763,47.94,-0.005806719,90810315.66,18986.8175,275.532,2309,4353.446533
4/18/17,Tue,1492473600,83303,1518090,49.88,0.040467251,90840832.38,19532.6738,282.74,2603,4531.140719
4/19/17,Wed,1492560000,85734,1526805,47.88,-0.040096231,90870444.56,19426.3047,288.751,2664,4350.876886
4/20/17,Thu,1492646400,85450,1536829,49.36,0.03091061,90900866.75,19598.4726,283.972,2581,4486.866783
4/21/17,Fri,1492732800,81278,1548026,48.27,-0.022082658,90931344.09,20064.6867,290.823,2691,4389.255979
4/22/17,Sat,1492819200,73539,1555797,48.41,0.002900352,90961334.41,20304.9606,297.111,2429,4403.438199
4/23/17,Sun,1492905600,77073,1562427,48.75,0.007023342,90991825.66,20695.5064,298.451,2393,4435.851501
4/24/17,Mon,1492992000,80531,1572073,49.94,0.024410256,91021611.13,19854.8535,295.212,2553,4545.61926
4/25/17,Tue,1493078400,93033,1580035,50.09,0.003003604,91052368.94,20759.4397,298.308,2803,4560.81316
4/26/17,Wed,1493164800,89642,1596565,53.28,0.063685366,91081701.13,20518.0576,308.931,2724,4852.833036
4/27/17,Thu,1493251200,104494,1612349,63.14,0.18506006,91111031.13,20819.5764,313.696,3095,5752.750505
4/28/17,Fri,1493337600,106193,1624667,72.42,0.146974976,91140713.16,22094.2863,328.633,3178,6600.410447
4/29/17,Sat,1493424000,91335,1635440,69.83,-0.035763601,91169930.81,22674.7072,342.092,2793,6366.396269
4/30/17,Sun,1493510400,95202,1647543,79.83,0.143204926,91199299.41,22071.893,332.584,3064,7280.440072
5/1/17,Mon,1493596800,112202,1663543,77.53,-0.028811224,91228656.91,22307.6652,336.173,3544,7072.95777
5/2/17,Tue,1493683200,110354,1678680,77.25,-0.003611505,91258093.31,22218.5493,335.2,3461,7049.687708
5/3/17,Wed,1493769600,97334,1690254,80.37,0.04038835,91287645.97,22633.4701,339.479,3028,7336.788107
5/4/17,Thu,1493856000,114877,1708629,94.55,0.176433993,91317072.53,22403.1399,336.421,3351,8634.029208
5/5/17,Fri,1493942400,108514,1724130,90.79,-0.039767319,91346771.44,23427.2382,349.788,3171,8293.373379
5/6/17,Sat,1494028800,95014,1739516,94.82,0.044388148,91376474.88,23416.8712,349.26,2934,8664.317348
5/7/17,Sun,1494115200,106631,1758488,90.46,-0.04598186,91406355.03,23766.8199,353.593,3322,8268.618876
5/8/17,Mon,1494201600,117509,1777158,88.39,-0.022883042,91435780.97,23598.8389,353.828,3409,8082.00868
5/9/17,Tue,1494288000,112933,1797526,86.27,-0.023984614,91465535.97,24510.4648,365.57,3376,7890.731788
5/10/17,Wed,1494374400,109673,1817872,87.83,0.018082763,91495150.81,24265.0815,363.679,3227,8036.019096
5/11/17,Thu,1494460800,117189,1837631,88.2,0.004212684,91524885.34,24906.8722,369.262,3352,8072.494887
5/12/17,Fri,1494547200,107241,1853657,85.15,-0.034580499,91554775.03,25468.5261,379.251,3154,7795.889094
5/13/17,Sat,1494633600,101332,1867571,87.96,0.033000587,91584028.31,24940.8708,378.491,3065,8055.73113
5/14/17,Sun,1494720000,101348,1881351,88.72,0.008640291,91612245.81,25763.6063,404.779,3140,8127.838448
5/15/17,Mon,1494806400,122792,1899209,90.32,0.018034265,91640708.16,26374.7001,414.048,3831,8276.988761
5/16/17,Tue,1494892800,116341,1919681,87.8,-0.027900797,91669426.13,26951.5322,417.08,3644,8048.575614
5/17/17,Wed,1494979200,140135,1942480,86.98,-0.009339408,91697325.03,25673.1355,408.104,4305,7975.833331
5/18/17,Thu,1495065600,137409,1964727,95.88,0.102322373,91725805.81,26756.3545,414.448,4245,8794.670261
5/19/17,Fri,1495152000,161568,1993428,124.38,0.297246558,91754187.06,27662.8126,431.65,4801,11412.38579
5/20/17,Sat,1495238400,130912,2017264,123.06,-0.010612639,91782839.09,28704.8846,439.714,4179,11294.79618
5/21/17,Sun,1495324800,149699,2041878,148,0.202665366,91811493.16,29014.4596,451.327,4586,13588.10099
5/22/17,Mon,1495411200,176255,2074888,160.39,0.083716216,91840262.38,29819.2767,463.103,5328,14730.25968
5/23/17,Tue,1495497600,187121,2119587,169.5,0.056799052,91868838.47,28807.8371,448.717,6627,15571.76812
5/24/17,Wed,1495584000,187293,2162097,193.03,0.138820059,91897482.84,29413.4293,458.978,6666,17738.97111
5/25/17,Thu,1495670400,183010,2201139,177.33,-0.081334508,91926318,29573.7133,457.711,5952,16301.29397
5/26/17,Fri,1495756800,169818,2235403,162.83,-0.081768454,91955285.5,29752.9865,456.542,5559,14973.07914
5/27/17,Sat,1495843200,149450,2262189,156.63,-0.038076522,91984057.22,30399.6414,473.268,5127,14407.46288
5/28/17,Sun,1495929600,155271,2288310,172.86,0.103619996,92012880.5,30319.4003,469.177,5379,15905.34652
5/29/17,Mon,1496016000,158547,2316858,194.17,0.123278954,92042417.84,32344.9504,487.713,4922,17871.87627
5/30/17,Tue,1496102400,193618,2360680,228.58,0.177215842,92072237.22,33952.2769,513.217,7069,21045.87198
5/31/17,Wed,1496188800,214126,2406002,228.64,0.00026249,92100985.66,33166.6989,519.724,6843,21057.96936
6/1/17,Thu,1496275200,199160,2445012,220.7,-0.034727082,92129055.03,35032.0837,561.001,6541,20332.88245
6/2/17,Fri,1496361600,194911,2486438,222.04,0.00607159,92155875.66,34748.1009,574.506,7542,20462.29063
6/3/17,Sat,1496448000,175666,2521601,224.3,0.010178346,92183405.81,35389.9389,575.748,6636,20676.73792
6/4/17,Sun,1496534400,180136,2557692,244.96,0.092108783,92210634.56,36683.7213,597.678,6458,22587.91704
6/5/17,Mon,1496620800,190305,2595526,247.75,0.011389615,92238426.91,37220.5713,599.656,6439,22852.07027
6/6/17,Tue,1496707200,200523,2638490,264.26,0.066639758,92265908.16,37971.5981,615.097,7374,24382.18889
6/7/17,Wed,1496793600,207180,2682778,255.77,-0.03212745,92293678.94,39157.0428,632.534,7388,23605.95426
6/8/17,Thu,1496880000,187700,2720240,259.41,0.014231536,92321310.19,39515.8111,640.655,6932,23949.07108
6/9/17,Fri,1496966400,215831,2760852,279.11,0.07594156,92348960.19,39508.5852,639.988,7482,25775.51828
6/10/17,Sat,1497052800,213356,2804195,335.95,0.203647308,92377118.94,41872.7093,662.233,6592,31034.09311
6/11/17,Sun,1497139200,240490,2859713,339.68,0.011102843,92405045.66,42335.4349,682.857,8658,31388.14591
6/12/17,Mon,1497225600,292941,2919025,394.66,0.16185822,92433146.28,41975.3291,676.331,9451,36479.66551
6/13/17,Tue,1497312000,280054,2978427,388.09,-0.016647241,92461422.38,43492.4743,694.617,8807,35883.35341
6/14/17,Wed,1497398400,250410,3031828,343.84,-0.114019944,92489691.13,44267.7112,713.189,7942,31801.6554
6/15/17,Thu,1497484800,261617,3084273,344.68,0.002442997,92517889.88,46001.9979,728.25,8192,31889.06628
6/16/17,Fri,1497571200,248003,3132387,353.61,0.025908089,92546260.81,46630.0453,737.125,8034,32725.28329
6/17/17,Sat,1497657600,242022,3178828,368.1,0.040977348,92574559.88,47877.4934,761.53,7958,34076.69549
6/18/17,Sun,1497744000,245957,3231660,351.53,-0.045014942,92603147.38,49167.6342,769.923,7931,32552.7844
6/19/17,Mon,1497830400,286209,3292231,358.2,0.018974199,92631780.34,48994.2646,775.466,8956,33180.70372
6/20/17,Tue,1497916800,308488,3354447,350.53,-0.021412619,92658489.72,49710.0379,847.174,9258,32479.5804
6/21/17,Wed,1498003200,221289,3386889,325.3,-0.071976721,92684640.5,50745.629,874.309,6195,30150.31355
6/22/17,Thu,1498089600,284225,3442987,320.97,-0.01331079,92711173.78,51035.432,872.419,8691,29757.50545
6/23/17,Fri,1498176000,276012,3499011,326.85,0.018319469,92737276.28,50863.8817,881.532,9123,30311.17875
6/24/17,Sat,1498262400,250570,3549828,304.54,-0.068257611,92763771.28,52432.2312,888.68,8935,28250.27891
6/25/17,Sun,1498348800,231135,3593921,279.36,-0.082682078,92790154.41,53050.104,904.654,8979,25921.85753
6/26/17,Mon,1498435200,316788,3646944,253.68,-0.091924399,92816853.47,54476.8066,923.853,9544,23545.77939
6/27/17,Tue,1498521600,252995,3688934,286.14,0.127956481,92843435.81,55435.8653,930.359,7911,26566.22072
6/28/17,Wed,1498608000,274241,3739249,315.86,0.103865241,92870078.47,55902.4878,950.061,10005,29333.94299
6/29/17,Thu,1498694400,263791,3787958,292.9,-0.072690432,92897087.38,57370.5804,962.749,9460,27209.55689
6/30/17,Fri,1498780800,252652,3835524,280.68,-0.041720724,92923943.63,58103.4759,972.009,8800,26081.8925
7/1/17,Sat,1498867200,240465,3871530,261,-0.070115434,92950626.75,59257.8637,992.636,8106,24260.11358
7/2/17,Sun,1498953600,248617,3905337,283.99,0.088084291,92977339.09,60043.2459,1002.208,8503,26404.63453
7/3/17,Mon,1499040000,302032,3960081,276.41,-0.026691081,93004470.34,61066.6592,1012.942,10143,25707.36565
7/4/17,Tue,1499126400,281465,4010868,269.05,-0.026627112,93031836.13,62015.5576,1027.254,10132,25030.21551
7/5/17,Wed,1499212800,271606,4053898,266,-0.011336183,93058596.44,60558.053,1022.956,10094,24753.58665
7/6/17,Thu,1499299200,258791,4089182,265.88,-0.000451128,93085523,62188.5082,1037.217,8830,24749.57886
7/7/17,Fri,1499385600,295389,4131556,240.94,-0.093801715,93112810.97,62980.5055,1038.186,9709,22434.60067
7/8/17,Sat,1499472000,248142,4169731,245.67,0.019631444,93139877.38,63970.8599,1055.963,8884,22881.67367
7/9/17,Sun,1499558400,225189,4199674,237.72,-0.032360484,93166818.16,64815.0977,1071.108,6980,22147.61601
7/10/17,Mon,1499644800,302633,4236883,205.76,-0.134443884,93191251.75,65577.096,1198.735,10586,19175.03196
7/11/17,Tue,1499731200,291677,4279139,190.55,-0.073921073,93215219.88,65016.2,1214.203,10484,17762.16015
7/12/17,Wed,1499817600,283828,4320310,224.15,0.176331671,93239157.84,63527.1745,1185.959,10735,20899.55723
7/13/17,Thu,1499904000,260745,4368629,205.41,-0.083604729,93262929.41,65108.2642,1207.945,10676,19157.13833
7/14/17,Fri,1499990400,249381,4400742,197.14,-0.040260942,93286700.66,62983.6578,1182.556,10040,18390.54017
7/15/17,Sat,1500076800,231961,4428324,169.1,-0.142233945,93310853,66076.6514,1207.945,8747,15778.86524
7/16/17,Sun,1500163200,249138,4460257,155.42,-0.080898876,93334862.69,67381.9726,1243.782,9225,14506.10436
7/17/17,Mon,1500249600,248473,4498727,189.97,0.222300862,93358380.97,63714.9942,1204.494,9814,17735.29163
7/18/17,Tue,1500336000,271055,4548962,227.09,0.195399274,93382331.28,65488.9339,1213.897,11286,21206.19361
7/19/17,Wed,1500422400,270122,4584881,194.41,-0.143907702,93406814.88,67929.301,1233.999,10282,18159.21888
7/20/17,Thu,1500508800,250065,4626800,226.33,0.164189085,93431307.69,69759.1232,1271.418,9370,21146.30787
7/21/17,Fri,1500595200,232560,4665313,216.33,-0.044183272,93455149.88,70210.3022,1304.971,8661,20217.15257
7/22/17,Sat,1500681600,205574,4692029,230.47,0.065363103,93479457.22,70344.6082,1278.26,7992,21544.21051
7/23/17,Sun,1500768000,260490,4728803,228.32,-0.009328763,93503940.5,72662.8193,1315.028,9282,21348.81969
7/24/17,Mon,1500854400,263095,4766918,225.48,-0.012438683,93527999.41,71086.1935,1302.508,10560,21088.69331
7/25/17,Tue,1500940800,242956,4807986,203.59,-0.097081781,93552692.06,74060.8637,1328.375,9766,19046.39258
7/26/17,Wed,1501027200,223010,4842532,202.88,-0.003487401,93577207.06,73375.4017,1331.461,8403,18984.94377
7/27/17,Thu,1501113600,225435,4872429,202.93,0.000246451,93601559.72,72620.6995,1321.721,8346,18994.56451
7/28/17,Fri,1501200000,246494,4903853,191.21,-0.057753905,93626244.88,73591.6983,1332.368,9258,17902.27428
7/29/17,Sat,1501286400,198773,4930947,206.14,0.07808169,93650737.38,74151.5719,1332.178,7452,19305.163
7/30/17,Sun,1501372800,206624,4974090,196.78,-0.045406035,93675455.03,75662.6423,1359.901,7621,18433.45604
7/31/17,Mon,1501459200,250090,5010515,201.33,0.023122269,93699513.63,76650.4709,1426.54,9291,18864.52308
8/1/17,Tue,1501545600,218582,5049868,225.9,0.122038444,93720934.09,78324.6735,1606.73,9503,21171.55901
8/2/17,Wed,1501632000,231068,5088235,218.12,-0.034440018,93742069.41,76805.5107,1606.524,9426,20447.02018
8/3/17,Thu,1501718400,236335,5129817,224.39,0.028745645,93763035.81,73485.2744,1555.875,9597,21039.48761
8/4/17,Fri,1501804800,257160,5169164,220.6,-0.016890236,93784340.81,76294.8801,1590.668,10507,20688.82558
8/5/17,Sat,1501891200,261400,5207095,253.09,0.147280145,93805528.63,75945.2472,1585.689,10427,23741.24124
8/6/17,Sun,1501977600,265127,5250459,264.56,0.045319847,93826794.25,76031.0312,1598.932,10463,24822.81669
8/7/17,Mon,1502064000,281172,5302339,269.94,0.020335652,93848415.81,78413.598,1619.968,11867,25333.44136
8/8/17,Tue,1502150400,318866,5357059,296.51,0.098429281,93870051.13,80067.1003,1636.256,13278,27833.40886
8/9/17,Wed,1502236800,280308,5409615,295.28,-0.004148258,93891780.5,80473.311,1661.335,11373,27724.36495
8/10/17,Thu,1502323200,338241,5469308,298.28,0.010159848,93913244.25,79867.4397,1650.127,13581,28012.44249
8/11/17,Fri,1502409600,356682,5529892,309.32,0.037012203,93935146.28,79800.4549,1640.151,14429,29056.01945
8/12/17,Sat,1502496000,338654,5585573,308.02,-0.004202767,93957067.22,81155.1032,1692.527,13642,28940.65584
8/13/17,Sun,1502582400,333011,5647075,296.62,-0.037010584,93979101.91,82477.7754,1690.846,12993,27876.08121
8/14/17,Mon,1502668800,410061,5725888,299.16,0.008563145,94001140.03,85027.6468,1728.855,15655,28121.38105
8/15/17,Tue,1502755200,413246,5810917,286.52,-0.042251638,94023364.41,84680.7779,1734.349,16403,26939.57437
8/16/17,Wed,1502841600,413624,5866922,301.38,0.051863744,94045930.19,85419.7948,1713.531,17360,28343.56244
8/17/17,Thu,1502928000,428007,5934207,300.3,-0.003583516,94068463.16,85593.3951,1738.425,17330,28248.75949
8/18/17,Fri,1503014400,443356,6004737,292.62,-0.025574426,94090773.63,85743.5067,1745.446,17335,27532.84218
8/19/17,Sat,1503100800,377418,6067912,293.02,0.001366961,94113338,89581.1457,1795.854,16348,27577.0903
8/20/17,Sun,1503187200,309926,6127189,298.2,0.017677974,94135470.5,88118.4535,1792.593,12825,28071.1973
8/21/17,Mon,1503273600,392880,6186106,321.85,0.079309188,94158216.28,89205.8842,1785.087,15179,30304.82191
8/22/17,Tue,1503360000,364727,6252808,313.37,-0.026347677,94180738.94,89615.1901,1804.398,14259,29513.41816
8/23/17,Wed,1503446400,374711,6322823,317.4,0.012860197,94203348.94,91496.916,1843.057,14352,29900.14295
8/24/17,Thu,1503532800,352465,6375451,325.28,0.024826717,94225880.66,90336.1265,1828.189,13796,30649.79446
8/25/17,Fri,1503619200,352621,6425907,330.06,0.014695032,94244701.44,89994.9238,2154.673,15772,31106.40616
8/26/17,Sat,1503705600,306268,6471420,332.86,0.008483306,94263267.22,90955.4417,2200.006,14625,31376.47113
8/27/17,Sun,1503792000,324173,6521068,347.88,0.045124076,94281902.69,90454.326,2180.133,14945,32798.78831
8/28/17,Mon,1503878400,363799,6574380,347.66,-0.000632402,94300328.16,86753.1361,2133.303,17757,32784.45209
8/29/17,Tue,1503964800,394649,6636587,372.35,0.071017661,94319408.31,92088.0857,2204.097,18455,35119.83169
8/30/17,Wed,1504051200,400220,6703644,383.86,0.030911777,94338352.22,93823.0467,2231.15,18827,36212.71988
8/31/17,Thu,1504137600,384421,6771516,388.33,0.011644871,94357118.31,90901.5865,2215.537,17436,36641.69975
9/1/17,Fri,1504224000,390997,6837885,391.42,0.00795715,94375947.69,92728.0146,2233.569,18436,36940.63344
9/2/17,Sat,1504310400,331797,6892287,351.03,-0.103188391,94394795.81,93720.5494,2231.26,15334,33135.40517
9/3/17,Sun,1504396800,302525,6941689,352.45,0.004045238,94413437.84,95055.9858,2250.289,13871,33276.01617
9/4/17,Mon,1504483200,442592,7004719,303.7,-0.138317492,94432358.94,93647.0268,2243.963,19760,28679.10741
9/5/17,Tue,1504569600,444572,7067974,317.94,0.046888377,94451460.19,93755.3541,2231.041,19704,30029.89725
9/6/17,Wed,1504656000,496376,7136790,338.92,0.065987293,94470348.47,92625.4335,2232.6,22603,32017.8905
9/7/17,Thu,1504742400,448347,7201288,335.37,-0.010474448,94489481.13,94467.199,2253.842,21135,31688.93728
9/8/17,Fri,1504828800,463670,7267913,306.72,-0.085428035,94508748.31,99874.6125,2351.174,20975,28987.72328
9/9/17,Sat,1504915200,383654,7329084,303.79,-0.009552686,94527784.09,98008.0751,2321.405,17147,28716.59553
9/10/17,Sun,1505001600,325128,7379849,299.21,-0.015076204,94546772.84,97253.2383,2289.896,14680,28289.3399
9/11/17,Mon,1505088000,365384,7444820,297.95,-0.004211089,94565618.94,97867.1491,2312.746,16764,28175.82616
9/12/17,Tue,1505174400,404898,7508515,294.1,-0.012921631,94584931.44,101026.2362,2375.29,18037,27817.42834
9/13/17,Wed,1505260800,365679,7563718,275.84,-0.062087725,94603829.72,96862.5167,2324.138,16933,26095.52039
9/14/17,Thu,1505347200,380251,7618435,223.14,-0.191052784,94623119.41,99538.6898,2321.976,17288,21114.20286
9/15/17,Fri,1505433600,441767,7679736,259.57,0.163260733,94642655.81,101654.7838,2366.097,19312,24566.39417
9/16/17,Sat,1505520000,373764,7729925,254.49,-0.019570829,94661993.78,100630.004,2350.116,16698,24090.5308
9/17/17,Sun,1505606400,289517,7772453,258.4,0.015364061,94681215.81,102518.68,2390.881,14350,24465.62617
9/18/17,Mon,1505692800,362764,7822945,297.53,0.151431889,94700280.81,100308.5274,2351.653,17536,28176.17455
9/19/17,Tue,1505779200,337752,7878304,283,-0.048835412,94719653.78,102499.12,2380.774,16596,26805.66202
9/20/17,Wed,1505865600,324984,7943832,283.56,0.001978799,94738835.81,101517.21,2380.957,16028,26864.14428
9/21/17,Thu,1505952000,317074,8006858,257.77,-0.090950769,94758172.22,104042.0377,2405.383,16104,24425.81405
9/22/17,Fri,1506038400,271470,8042491,262.94,0.02005664,94773915.81,104698.4895,2938.237,16972,24919.85342
9/23/17,Sat,1506124800,260107,8078626,286.14,0.088233057,94788921.59,100932.1989,2960.802,15951,27122.90202
9/24/17,Sun,1506211200,280929,8112522,282.6,-0.012371566,94804383,102079.6576,2945.612,17983,26791.71864
9/25/17,Mon,1506297600,306614,8153119,294.89,0.04348903,94819257.38,98483.7466,2912.421,19577,27961.25081
9/26/17,Tue,1506384000,306075,8211953,288.64,-0.021194344,94834464.25,98888.3825,2887.116,18527,27373.01976
9/27/17,Wed,1506470400,309047,8269803,309.97,0.073898282,94849875.34,100067.2592,2916.043,18893,29400.61586
9/28/17,Thu,1506556800,329208,8323753,302.77,-0.023228054,94864873.31,98281.0989,2896.072,20553,28722.23769
9/29/17,Fri,1506643200,326502,8364828,292.58,-0.03365591,94879725.81,94268.7683,2802.971,21540,27759.91018
9/30/17,Sat,1506729600,295798,8406110,302.77,0.034828081,94894657.22,92965.1376,2773.895,21998,28731.25537
10/1/17,Sun,1506816000,283871,8439924,303.95,0.003897348,94909789.88,97055.9237,2865.649,21781,28847.83063
10/2/17,Mon,1506902400,306095,8487975,296.81,-0.023490706,94924879.09,96955.9662,2861.171,21143,28174.65336
10/3/17,Tue,1506988800,327906,8537491,291.81,-0.016845794,94940057.53,96187.6182,2838.826,20918,27704.45819
10/4/17,Wed,1507075200,307399,8583378,291.68,-0.000445495,94955375.97,99924.2321,2896.353,20395,27696.58406
10/5/17,Thu,1507161600,314808,8622252,294.99,0.011348053,94970853,103964.8899,2968.747,20313,28015.45193
10/6/17,Fri,1507248000,319882,8660904,308.33,0.045221872,94985877.06,99395.0518,2912.479,21656,29286.99547
10/7/17,Sat,1507334400,291091,8696647,311.26,0.009502805,95000892.22,96306.9606,2857.438,19657,29569.97771
10/8/17,Sun,1507420800,296829,8738451,309.49,-0.005686564,95016091.75,99957.7366,2915.521,19150,29406.53024
10/9/17,Mon,1507507200,328172,8791812,296.95,-0.040518272,95031300.5,100305.6568,2930.956,19671,28219.54468
10/10/17,Tue,1507593600,349605,8837358,298.46,0.005085031,95046784.88,100346.7409,2913.485,21438,28367.66341
10/11/17,Wed,1507680000,344305,8880536,302.86,0.014742344,95062284.72,103201.435,2997.386,20045,28790.56355
10/12/17,Thu,1507766400,363411,8930073,302.89,9.91E-05,95077676.28,100658.819,2911.728,21137,28798.07737
10/13/17,Fri,1507852800,379136,8982527,336.83,0.112053881,95093113.47,104478.2166,3031.012,21845,32030.21341
10/14/17,Sat,1507939200,332169,9026250,338.81,0.005878336,95108431.28,99078.8168,2917.998,19951,32223.6876
10/15/17,Sun,1508025600,328921,9075349,336.58,-0.00658186,95124011.44,103434.7686,2962.491,19011,32016.83977
10/16/17,Mon,1508112000,408297,9135201,334.23,-0.006981995,95140181,103706.3558,1922.324,16294,31798.7027
10/17/17,Tue,1508198400,505611,9195945,316.14,-0.054124405,95160328.25,103140.2309,1430.794,14412,30083.98617
10/18/17,Wed,1508284800,470449,9250984,313.54,-0.008224204,95180705.66,104018.5548,1412.602,13060,29842.95845
10/19/17,Thu,1508371200,494184,9320260,307.41,-0.019550934,95201131.81,107745.2962,1460.305,12978,29265.77993
10/20/17,Fri,1508457600,546837,9391327,303.08,-0.014085423,95221606.81,107296.8232,1448.048,15254,28859.76459
10/21/17,Sat,1508544000,462902,9450402,299.55,-0.01164709,95241750.03,109179.8738,1470.935,11983,28529.66622
10/22/17,Sun,1508630400,435493,9508412,294.03,-0.018427641,95262134.28,110340.082,1479.883,10947,28009.92534
10/23/17,Mon,1508716800,468168,9581597,285.27,-0.029792878,95282604.69,108188.1292,1455.82,12828,27181.26864
10/24/17,Tue,1508803200,492288,9668925,296.5,0.039366214,95303134.16,111176.9227,1496.921,13946,28257.37928
10/25/17,Wed,1508889600,460419,9742825,296.35,-0.000505902,95323352.38,109101.8007,1484.205,14347,28249.07548
10/26/17,Thu,1508976000,466406,9815741,295.54,-0.002733255,95343550.53,105391.6618,1437.018,14417,28177.83292
10/27/17,Fri,1509062400,486147,9877222,296.36,0.002774582,95364021.78,107301.2973,1447.521,14924,28262.0815
10/28/17,Sat,1509148800,484554,9919259,293.35,-0.010156566,95384467.16,109022.7007,1468.426,14317,27981.03344
10/29/17,Sun,1509235200,494176,9962016,304.04,0.036441111,95404755.97,107364.0917,1459.599,14872,29006.862
10/30/17,Mon,1509321600,532626,10016332,306.8,0.009077753,95424854.56,104689.5115,1447.379,16448,29276.34538
10/31/17,Tue,1509408000,519906,10090762,303.64,-0.01029987,95445491,109011.5712,1462.242,15604,28981.06889
11/1/17,Wed,1509494400,527783,10170977,289.42,-0.046831774,95465719.34,109939.7975,1505.309,15758,27629.68849
11/2/17,Thu,1509580800,529277,10265149,284.92,-0.015548338,95486016.13,105632.0807,1441.55,15696,27205.87571
11/3/17,Fri,1509667200,485790,10334844,304.51,0.068756142,95506325.56,104827.259,1419.283,15831,29082.6312
11/4/17,Sat,1509753600,398758,10389337,300.04,-0.014679321,95526513.88,103567.0937,1405.222,12156,28661.77522
11/5/17,Sun,1509840000,417102,10440241,296.23,-0.012698307,95547106.34,107894.9432,1439.533,11640,28303.91931
11/6/17,Mon,1509926400,511663,10503649,296.82,0.001991696,95567346.97,105654.5317,1433.805,13796,28366.29993
11/7/17,Tue,1510012800,470418,10557839,291.84,-0.016777845,95587760.75,104271.6052,1412.215,14267,27896.3321
11/8/17,Wed,1510099200,480413,10631410,307.35,0.053145559,95608013.66,107650.2165,1454.538,14220,29385.123
11/9/17,Thu,1510185600,467172,10737345,319.66,0.040052058,95628326.75,104847.534,1420.593,13929,30568.55093